step,sim_time_sec,scenario_id,run_id,random_seed,wci,workload_intensity_cw,resource_allocation_cores,decision,action,prev_cores,prev_batch_size,prev_cpu_util,prev_vr,updated_cores,updated_batch_size,overhead_cost_sec,trigger_reason
0,0,S1,1,1001,0.2075,0.19033710033310458,6,TRIGGER_ADAPTATION,SCALE_UP,4,32,20.695728372712434,0.2606224840983084,6,32,1.25,High complexity (WCI=0.21 >= 0.65) or CPU saturation (20.7% >= 0.82%)
4,5.31,S1,1,1001,0.1916,0.19676843389828316,8,TRIGGER_ADAPTATION,SCALE_UP,6,32,8.872667830119646,0.14146148608384848,8,32,1.25,High complexity (WCI=0.19 >= 0.65) or CPU saturation (8.9% >= 0.82%)
8,10.62,S1,1,1001,0.2014,0.2257128709909766,10,TRIGGER_ADAPTATION,SCALE_UP,8,32,10.088440144264776,0.17217193215654752,10,32,1.25,High complexity (WCI=0.20 >= 0.65) or CPU saturation (10.1% >= 0.82%)
12,15.93,S1,1,1001,0.2219,0.27471071393708,12,TRIGGER_ADAPTATION,SCALE_UP,10,32,7.820431640085217,0.16877741361260543,12,32,1.25,High complexity (WCI=0.22 >= 0.65) or CPU saturation (7.8% >= 0.82%)
16,21.24,S1,1,1001,0.2049,0.20646999039261413,14,TRIGGER_ADAPTATION,SCALE_UP,12,32,5,0.20398086205405253,14,32,1.25,High complexity (WCI=0.20 >= 0.65) or CPU saturation (5.0% >= 0.82%)
20,26.55,S1,1,1001,0.2102,0.2097806144190044,16,TRIGGER_ADAPTATION,SCALE_UP,14,32,5,0.18595522031833084,16,32,1.25,High complexity (WCI=0.21 >= 0.65) or CPU saturation (5.0% >= 0.82%)
0,0,S1,2,1002,0.2237,0.24741330783509244,6,TRIGGER_ADAPTATION,SCALE_UP,4,32,10.999366766881364,0.23736650670709214,6,32,1.25,High complexity (WCI=0.22 >= 0.65) or CPU saturation (11.0% >= 0.82%)
4,5.31,S1,2,1002,0.2146,0.24303579837533104,8,TRIGGER_ADAPTATION,SCALE_UP,6,32,8.894047175515537,0.1260592828260401,8,32,1.25,High complexity (WCI=0.21 >= 0.65) or CPU saturation (8.9% >= 0.82%)
8,10.62,S1,2,1002,0.2026,0.19155354475758388,10,TRIGGER_ADAPTATION,SCALE_UP,8,32,9.72103114906393,0.15673717524485245,10,32,1.25,High complexity (WCI=0.20 >= 0.65) or CPU saturation (9.7% >= 0.82%)
12,15.93,S1,2,1002,0.2237,0.21331146152790892,12,TRIGGER_ADAPTATION,SCALE_UP,10,32,7.521750367968931,0.21076799232693472,12,32,1.25,High complexity (WCI=0.22 >= 0.65) or CPU saturation (7.5% >= 0.82%)
16,21.24,S1,2,1002,0.1929,0.21245799913653618,14,TRIGGER_ADAPTATION,SCALE_UP,12,32,5.601642479593465,0.14902543188546769,14,32,1.25,High complexity (WCI=0.19 >= 0.65) or CPU saturation (5.6% >= 0.82%)
20,26.55,S1,2,1002,0.2266,0.25762322726283493,16,TRIGGER_ADAPTATION,SCALE_UP,14,32,8.548654902579043,0.138487359220763,16,32,1.25,High complexity (WCI=0.23 >= 0.65) or CPU saturation (8.5% >= 0.82%)
0,0,S1,3,1003,0.2195,0.19964537044108743,6,TRIGGER_ADAPTATION,SCALE_UP,4,32,18.186829318784646,0.23857792109516662,6,32,1.25,High complexity (WCI=0.22 >= 0.65) or CPU saturation (18.2% >= 0.82%)
4,5.31,S1,3,1003,0.217,0.21580361178819096,8,TRIGGER_ADAPTATION,SCALE_UP,6,32,15.060566579177623,0.20221781209637008,8,32,1.25,High complexity (WCI=0.22 >= 0.65) or CPU saturation (15.1% >= 0.82%)
8,10.62,S1,3,1003,0.2219,0.21611696502136885,10,TRIGGER_ADAPTATION,SCALE_UP,8,32,5.141952959358801,0.227268361364461,10,32,1.25,High complexity (WCI=0.22 >= 0.65) or CPU saturation (5.1% >= 0.82%)
12,15.93,S1,3,1003,0.2087,0.20106294167353073,12,TRIGGER_ADAPTATION,SCALE_UP,10,32,8.184277834117628,0.2304397891675445,12,32,1.25,High complexity (WCI=0.21 >= 0.65) or CPU saturation (8.2% >= 0.82%)
16,21.24,S1,3,1003,0.2187,0.20239343301884088,14,TRIGGER_ADAPTATION,SCALE_UP,12,32,7.6474009687113735,0.24829649416197125,14,32,1.25,High complexity (WCI=0.22 >= 0.65) or CPU saturation (7.6% >= 0.82%)
20,26.55,S1,3,1003,0.2197,0.26489882632096234,16,TRIGGER_ADAPTATION,SCALE_UP,14,32,5,0.13520284341582633,16,32,1.25,High complexity (WCI=0.22 >= 0.65) or CPU saturation (5.0% >= 0.82%)
0,0,S1,4,1004,0.1891,0.17925463547423978,6,TRIGGER_ADAPTATION,SCALE_UP,4,32,9.920686650418718,0.2045576465262515,6,32,1.25,High complexity (WCI=0.19 >= 0.65) or CPU saturation (9.9% >= 0.82%)
4,5.31,S1,4,1004,0.1921,0.2206141902309872,8,TRIGGER_ADAPTATION,SCALE_UP,6,32,9.874249698087116,0.09364149529490833,8,32,1.25,High complexity (WCI=0.19 >= 0.65) or CPU saturation (9.9% >= 0.82%)
8,10.62,S1,4,1004,0.1916,0.21045191292990392,10,TRIGGER_ADAPTATION,SCALE_UP,8,32,5,0.15680260098031604,10,32,1.25,High complexity (WCI=0.19 >= 0.65) or CPU saturation (5.0% >= 0.82%)
12,15.93,S1,4,1004,0.1994,0.23800747843802605,12,TRIGGER_ADAPTATION,SCALE_UP,10,32,5.030581231914353,0.12865690621317755,12,32,1.25,High complexity (WCI=0.20 >= 0.65) or CPU saturation (5.0% >= 0.82%)
16,21.24,S1,4,1004,0.2317,0.3131844071685313,14,TRIGGER_ADAPTATION,SCALE_UP,12,32,6.006340018167614,0.10101543979652765,14,32,1.25,High complexity (WCI=0.23 >= 0.65) or CPU saturation (6.0% >= 0.82%)
20,26.55,S1,4,1004,0.2383,0.26396569385826596,16,TRIGGER_ADAPTATION,SCALE_UP,14,32,6.01231978500343,0.18229480711018534,16,32,1.25,High complexity (WCI=0.24 >= 0.65) or CPU saturation (6.0% >= 0.82%)
0,0,S1,5,1005,0.2018,0.1768124348121781,6,TRIGGER_ADAPTATION,SCALE_UP,4,32,12.889961238729938,0.18758264254109974,6,32,1.25,High complexity (WCI=0.20 >= 0.65) or CPU saturation (12.9% >= 0.82%)
4,5.31,S1,5,1005,0.2002,0.20778263286966087,8,TRIGGER_ADAPTATION,SCALE_UP,6,32,16.05846522896915,0.19010431710866257,8,32,1.25,High complexity (WCI=0.20 >= 0.65) or CPU saturation (16.1% >= 0.82%)
8,10.62,S1,5,1005,0.1838,0.1786405373513785,10,TRIGGER_ADAPTATION,SCALE_UP,8,32,6.9635895642868775,0.15937341281921943,10,32,1.25,High complexity (WCI=0.18 >= 0.65) or CPU saturation (7.0% >= 0.82%)
12,15.93,S1,5,1005,0.2116,0.22285551265456094,12,TRIGGER_ADAPTATION,SCALE_UP,10,32,6.242019967064945,0.20156593368262934,12,32,1.25,High complexity (WCI=0.21 >= 0.65) or CPU saturation (6.2% >= 0.82%)
16,21.24,S1,5,1005,0.2178,0.22791581879556705,14,TRIGGER_ADAPTATION,SCALE_UP,12,32,5,0.1865917488593447,14,32,1.25,High complexity (WCI=0.22 >= 0.65) or CPU saturation (5.0% >= 0.82%)
20,26.55,S1,5,1005,0.1892,0.1841725598842518,16,TRIGGER_ADAPTATION,SCALE_UP,14,32,6.215016925714948,0.1748192237095283,16,32,1.25,High complexity (WCI=0.19 >= 0.65) or CPU saturation (6.2% >= 0.82%)
0,0,S1,6,1006,0.2476,0.2881640965412588,6,TRIGGER_ADAPTATION,SCALE_UP,4,32,15.415625459645055,0.21622225104984558,6,32,1.25,High complexity (WCI=0.25 >= 0.65) or CPU saturation (15.4% >= 0.82%)
4,5.31,S1,6,1006,0.2088,0.23482515719224364,8,TRIGGER_ADAPTATION,SCALE_UP,6,32,10.197637223794368,0.16945700903322058,8,32,1.25,High complexity (WCI=0.21 >= 0.65) or CPU saturation (10.2% >= 0.82%)
8,10.62,S1,6,1006,0.1942,0.17373214575306742,10,TRIGGER_ADAPTATION,SCALE_UP,8,32,6.522191239956067,0.20349043672446912,10,32,1.25,High complexity (WCI=0.19 >= 0.65) or CPU saturation (6.5% >= 0.82%)
12,15.93,S1,6,1006,0.2097,0.20180421554150388,12,TRIGGER_ADAPTATION,SCALE_UP,10,32,6.750262084030342,0.2087134295070235,12,32,1.25,High complexity (WCI=0.21 >= 0.65) or CPU saturation (6.8% >= 0.82%)
16,21.24,S1,6,1006,0.2079,0.20759980926831476,14,TRIGGER_ADAPTATION,SCALE_UP,12,32,7.55384772869628,0.2047608015629776,14,32,1.25,High complexity (WCI=0.21 >= 0.65) or CPU saturation (7.6% >= 0.82%)
20,26.55,S1,6,1006,0.1853,0.15013423694797368,16,TRIGGER_ADAPTATION,SCALE_UP,14,32,6.243381363074209,0.2102985521090136,16,32,1.25,High complexity (WCI=0.19 >= 0.65) or CPU saturation (6.2% >= 0.82%)
0,0,S1,7,1007,0.2289,0.25434688345647544,6,TRIGGER_ADAPTATION,SCALE_UP,4,32,10.1730380933499,0.1945149858082561,6,32,1.25,High complexity (WCI=0.23 >= 0.65) or CPU saturation (10.2% >= 0.82%)
4,5.31,S1,7,1007,0.1957,0.21193437693062145,8,TRIGGER_ADAPTATION,SCALE_UP,6,32,10.713974960236989,0.15093610532942853,8,32,1.25,High complexity (WCI=0.20 >= 0.65) or CPU saturation (10.7% >= 0.82%)
8,10.62,S1,7,1007,0.1923,0.17125518851549268,10,TRIGGER_ADAPTATION,SCALE_UP,8,32,5,0.1965101704922497,10,32,1.25,High complexity (WCI=0.19 >= 0.65) or CPU saturation (5.0% >= 0.82%)
12,15.93,S1,7,1007,0.2102,0.22331789766813678,12,TRIGGER_ADAPTATION,SCALE_UP,10,32,5.494241247306716,0.18833290271809563,12,32,1.25,High complexity (WCI=0.21 >= 0.65) or CPU saturation (5.5% >= 0.82%)
16,21.24,S1,7,1007,0.217,0.25931270096806247,14,TRIGGER_ADAPTATION,SCALE_UP,12,32,5,0.1317433667573288,14,32,1.25,High complexity (WCI=0.22 >= 0.65) or CPU saturation (5.0% >= 0.82%)
20,26.55,S1,7,1007,0.2201,0.25374037723674403,16,TRIGGER_ADAPTATION,SCALE_UP,14,32,5.067065370138462,0.21074933720075154,16,32,1.25,High complexity (WCI=0.22 >= 0.65) or CPU saturation (5.1% >= 0.82%)
0,0,S1,8,1008,0.2296,0.2457636269510055,6,TRIGGER_ADAPTATION,SCALE_UP,4,32,17.900831220106053,0.24248159151436166,6,32,1.25,High complexity (WCI=0.23 >= 0.65) or CPU saturation (17.9% >= 0.82%)
4,5.31,S1,8,1008,0.2071,0.20213331839292195,8,TRIGGER_ADAPTATION,SCALE_UP,6,32,11.42733576422286,0.1623537709142332,8,32,1.25,High complexity (WCI=0.21 >= 0.65) or CPU saturation (11.4% >= 0.82%)
8,10.62,S1,8,1008,0.1957,0.2129055787442134,10,TRIGGER_ADAPTATION,SCALE_UP,8,32,7.56463362101499,0.11470758643438297,10,32,1.25,High complexity (WCI=0.20 >= 0.65) or CPU saturation (7.6% >= 0.82%)
12,15.93,S1,8,1008,0.2234,0.21649355758528993,12,TRIGGER_ADAPTATION,SCALE_UP,10,32,5,0.26740921637483595,12,32,1.25,High complexity (WCI=0.22 >= 0.65) or CPU saturation (5.0% >= 0.82%)
16,21.24,S1,8,1008,0.2086,0.22543876445076194,14,TRIGGER_ADAPTATION,SCALE_UP,12,32,5,0.18091129405806272,14,32,1.25,High complexity (WCI=0.21 >= 0.65) or CPU saturation (5.0% >= 0.82%)
20,26.55,S1,8,1008,0.2167,0.2011783724899677,16,TRIGGER_ADAPTATION,SCALE_UP,14,32,5,0.23381615196120487,16,32,1.25,High complexity (WCI=0.22 >= 0.65) or CPU saturation (5.0% >= 0.82%)
0,0,S1,9,1009,0.187,0.21367459151981041,6,TRIGGER_ADAPTATION,SCALE_UP,4,32,15.696312464431944,0.1713582611275734,6,32,1.25,High complexity (WCI=0.19 >= 0.65) or CPU saturation (15.7% >= 0.82%)
4,5.31,S1,9,1009,0.1677,0.1789426947866462,8,TRIGGER_ADAPTATION,SCALE_UP,6,32,8.811517809101632,0.09467667298516402,8,32,1.25,High complexity (WCI=0.17 >= 0.65) or CPU saturation (8.8% >= 0.82%)
8,10.62,S1,9,1009,0.337,0.49262368994838784,10,TRIGGER_ADAPTATION,SCALE_UP,8,32,9.146222096712437,0.16646793975327745,10,32,1.25,High complexity (WCI=0.34 >= 0.65) or CPU saturation (9.1% >= 0.82%)
12,15.93,S1,9,1009,0.2118,0.24332999446038048,12,TRIGGER_ADAPTATION,SCALE_UP,10,32,8.058897298112278,0.11209808401833374,12,32,1.25,High complexity (WCI=0.21 >= 0.65) or CPU saturation (8.1% >= 0.82%)
16,21.24,S1,9,1009,0.1952,0.17932757065566052,14,TRIGGER_ADAPTATION,SCALE_UP,12,32,5.969779439861671,0.18037753673633627,14,32,1.25,High complexity (WCI=0.20 >= 0.65) or CPU saturation (6.0% >= 0.82%)
20,26.55,S1,9,1009,0.203,0.21472684316235327,16,TRIGGER_ADAPTATION,SCALE_UP,14,32,5,0.15990470572111243,16,32,1.25,High complexity (WCI=0.20 >= 0.65) or CPU saturation (5.0% >= 0.82%)
0,0,S1,10,1010,0.2113,0.20207923429323432,6,TRIGGER_ADAPTATION,SCALE_UP,4,32,15.381371710388914,0.20910767500568597,6,32,1.25,High complexity (WCI=0.21 >= 0.65) or CPU saturation (15.4% >= 0.82%)
4,5.31,S1,10,1010,0.1827,0.1404924871398247,8,TRIGGER_ADAPTATION,SCALE_UP,6,32,6.898964746361645,0.21913666840741408,8,32,1.25,High complexity (WCI=0.18 >= 0.65) or CPU saturation (6.9% >= 0.82%)
8,10.62,S1,10,1010,0.1966,0.21682926502957817,10,TRIGGER_ADAPTATION,SCALE_UP,8,32,5,0.1422563789845007,10,32,1.25,High complexity (WCI=0.20 >= 0.65) or CPU saturation (5.0% >= 0.82%)
12,15.93,S1,10,1010,0.2171,0.24153221481884413,12,TRIGGER_ADAPTATION,SCALE_UP,10,32,8.113461773913437,0.19367088420680412,12,32,1.25,High complexity (WCI=0.22 >= 0.65) or CPU saturation (8.1% >= 0.82%)
16,21.24,S1,10,1010,0.2108,0.20737862427222867,14,TRIGGER_ADAPTATION,SCALE_UP,12,32,5,0.21316826061895544,14,32,1.25,High complexity (WCI=0.21 >= 0.65) or CPU saturation (5.0% >= 0.82%)
20,26.55,S1,10,1010,0.1975,0.23302395536251433,16,TRIGGER_ADAPTATION,SCALE_UP,14,32,5,0.1413357658335418,16,32,1.25,High complexity (WCI=0.20 >= 0.65) or CPU saturation (5.0% >= 0.82%)
0,0,S1,11,1011,0.221,0.25821198608609575,6,TRIGGER_ADAPTATION,SCALE_UP,4,32,10.019026333772299,0.17407076779033803,6,32,1.25,High complexity (WCI=0.22 >= 0.65) or CPU saturation (10.0% >= 0.82%)
4,5.31,S1,11,1011,0.2199,0.25663536637094686,8,TRIGGER_ADAPTATION,SCALE_UP,6,32,10.49185536287578,0.19120671901563596,8,32,1.25,High complexity (WCI=0.22 >= 0.65) or CPU saturation (10.5% >= 0.82%)
8,10.62,S1,11,1011,0.1881,0.17727166123143234,10,TRIGGER_ADAPTATION,SCALE_UP,8,32,6.211623464548794,0.13118815287555866,10,32,1.25,High complexity (WCI=0.19 >= 0.65) or CPU saturation (6.2% >= 0.82%)
12,15.93,S1,11,1011,0.1905,0.2156749649087921,12,TRIGGER_ADAPTATION,SCALE_UP,10,32,5,0.16319538551916368,12,32,1.25,High complexity (WCI=0.19 >= 0.65) or CPU saturation (5.0% >= 0.82%)
16,21.24,S1,11,1011,0.2166,0.22962118326014624,14,TRIGGER_ADAPTATION,SCALE_UP,12,32,5.554557069134835,0.19516195124911703,14,32,1.25,High complexity (WCI=0.22 >= 0.65) or CPU saturation (5.6% >= 0.82%)
20,26.55,S1,11,1011,0.2088,0.21892580345659,16,TRIGGER_ADAPTATION,SCALE_UP,14,32,5,0.19032101616124528,16,32,1.25,High complexity (WCI=0.21 >= 0.65) or CPU saturation (5.0% >= 0.82%)
0,0,S1,12,1012,0.1919,0.19770252228778631,6,TRIGGER_ADAPTATION,SCALE_UP,4,32,13.034487894205519,0.13100025389072503,6,32,1.25,High complexity (WCI=0.19 >= 0.65) or CPU saturation (13.0% >= 0.82%)
4,5.31,S1,12,1012,0.1938,0.21531768864564005,8,TRIGGER_ADAPTATION,SCALE_UP,6,32,10.992869001127259,0.1805537491184681,8,32,1.25,High complexity (WCI=0.19 >= 0.65) or CPU saturation (11.0% >= 0.82%)
8,10.62,S1,12,1012,0.1883,0.1874631646114503,10,TRIGGER_ADAPTATION,SCALE_UP,8,32,5.77987272218977,0.1963785772288973,10,32,1.25,High complexity (WCI=0.19 >= 0.65) or CPU saturation (5.8% >= 0.82%)
12,15.93,S1,12,1012,0.2062,0.21304523802140043,12,TRIGGER_ADAPTATION,SCALE_UP,10,32,8.202044267192838,0.14948122069704162,12,32,1.25,High complexity (WCI=0.21 >= 0.65) or CPU saturation (8.2% >= 0.82%)
16,21.24,S1,12,1012,0.2217,0.26934697891633114,14,TRIGGER_ADAPTATION,SCALE_UP,12,32,5,0.15039688771145765,14,32,1.25,High complexity (WCI=0.22 >= 0.65) or CPU saturation (5.0% >= 0.82%)
20,26.55,S1,12,1012,0.2129,0.251684457841331,16,TRIGGER_ADAPTATION,SCALE_UP,14,32,7.941863248360398,0.14057515539052406,16,32,1.25,High complexity (WCI=0.21 >= 0.65) or CPU saturation (7.9% >= 0.82%)
0,0,S1,13,1013,0.2195,0.25522072207227575,6,TRIGGER_ADAPTATION,SCALE_UP,4,32,11.044636509201766,0.16064265837703273,6,32,1.25,High complexity (WCI=0.22 >= 0.65) or CPU saturation (11.0% >= 0.82%)
4,5.31,S1,13,1013,0.1985,0.19067474977007792,8,TRIGGER_ADAPTATION,SCALE_UP,6,32,11.397212491808336,0.1704179391099524,8,32,1.25,High complexity (WCI=0.20 >= 0.65) or CPU saturation (11.4% >= 0.82%)
8,10.62,S1,13,1013,0.2049,0.20678156024748437,10,TRIGGER_ADAPTATION,SCALE_UP,8,32,8.344422582506088,0.19267244926457427,10,32,1.25,High complexity (WCI=0.20 >= 0.65) or CPU saturation (8.3% >= 0.82%)
12,15.93,S1,13,1013,0.1733,0.17733308550485677,12,TRIGGER_ADAPTATION,SCALE_UP,10,32,5.64753416699876,0.12349420573376933,12,32,1.25,High complexity (WCI=0.17 >= 0.65) or CPU saturation (5.6% >= 0.82%)
16,21.24,S1,13,1013,0.2114,0.24226253432036268,14,TRIGGER_ADAPTATION,SCALE_UP,12,32,9.742251508925099,0.10881000668414985,14,32,1.25,High complexity (WCI=0.21 >= 0.65) or CPU saturation (9.7% >= 0.82%)
20,26.55,S1,13,1013,0.2213,0.22256795387240805,16,TRIGGER_ADAPTATION,SCALE_UP,14,32,7.807128572357187,0.1947007145483374,16,32,1.25,High complexity (WCI=0.22 >= 0.65) or CPU saturation (7.8% >= 0.82%)
0,0,S1,14,1014,0.1959,0.17965219334890992,6,TRIGGER_ADAPTATION,SCALE_UP,4,32,14.25284102683484,0.2231379844139199,6,32,1.25,High complexity (WCI=0.20 >= 0.65) or CPU saturation (14.3% >= 0.82%)
4,5.31,S1,14,1014,0.2109,0.21154640226896132,8,TRIGGER_ADAPTATION,SCALE_UP,6,32,9.021429434585183,0.17744329482558882,8,32,1.25,High complexity (WCI=0.21 >= 0.65) or CPU saturation (9.0% >= 0.82%)
8,10.62,S1,14,1014,0.2142,0.20990893546197015,10,TRIGGER_ADAPTATION,SCALE_UP,8,32,6.316013154366243,0.1936916195694581,10,32,1.25,High complexity (WCI=0.21 >= 0.65) or CPU saturation (6.3% >= 0.82%)
12,15.93,S1,14,1014,0.2306,0.25638068171380796,12,TRIGGER_ADAPTATION,SCALE_UP,10,32,8.116268658866238,0.17995989383937788,12,32,1.25,High complexity (WCI=0.23 >= 0.65) or CPU saturation (8.1% >= 0.82%)
16,21.24,S1,14,1014,0.3132,0.46980078581208873,14,TRIGGER_ADAPTATION,SCALE_UP,12,32,5,0.14136168429711699,14,32,1.25,High complexity (WCI=0.31 >= 0.65) or CPU saturation (5.0% >= 0.82%)
20,26.55,S1,14,1014,0.2201,0.2530714320127721,16,TRIGGER_ADAPTATION,SCALE_UP,14,32,5,0.1933090074052144,16,32,1.25,High complexity (WCI=0.22 >= 0.65) or CPU saturation (5.0% >= 0.82%)
0,0,S1,15,1015,0.211,0.22820437459185744,6,TRIGGER_ADAPTATION,SCALE_UP,4,32,11.700049935293844,0.18213644162666454,6,32,1.25,High complexity (WCI=0.21 >= 0.65) or CPU saturation (11.7% >= 0.82%)
4,5.31,S1,15,1015,0.2157,0.22664287452311402,8,TRIGGER_ADAPTATION,SCALE_UP,6,32,8.947245791889133,0.2085991325521886,8,32,1.25,High complexity (WCI=0.22 >= 0.65) or CPU saturation (8.9% >= 0.82%)
8,10.62,S1,15,1015,0.2007,0.20141467903257806,10,TRIGGER_ADAPTATION,SCALE_UP,8,32,5,0.13483505166248233,10,32,1.25,High complexity (WCI=0.20 >= 0.65) or CPU saturation (5.0% >= 0.82%)
12,15.93,S1,15,1015,0.2288,0.26842523716343075,12,TRIGGER_ADAPTATION,SCALE_UP,10,32,5,0.16771892496556862,12,32,1.25,High complexity (WCI=0.23 >= 0.65) or CPU saturation (5.0% >= 0.82%)
16,21.24,S1,15,1015,0.21,0.22111021248430462,14,TRIGGER_ADAPTATION,SCALE_UP,12,32,10.806716448490972,0.18642716106171706,14,32,1.25,High complexity (WCI=0.21 >= 0.65) or CPU saturation (10.8% >= 0.82%)
20,26.55,S1,15,1015,0.1899,0.22041614355049435,16,TRIGGER_ADAPTATION,SCALE_UP,14,32,5,0.13483911450146546,16,32,1.25,High complexity (WCI=0.19 >= 0.65) or CPU saturation (5.0% >= 0.82%)
0,0,S1,16,1016,0.2153,0.2083142614151849,6,TRIGGER_ADAPTATION,SCALE_UP,4,32,14.623662315899411,0.21577076322549812,6,32,1.25,High complexity (WCI=0.22 >= 0.65) or CPU saturation (14.6% >= 0.82%)
4,5.31,S1,16,1016,0.2358,0.27012197178401687,8,TRIGGER_ADAPTATION,SCALE_UP,6,32,9.50956435010879,0.2081174948441583,8,32,1.25,High complexity (WCI=0.24 >= 0.65) or CPU saturation (9.5% >= 0.82%)
8,10.62,S1,16,1016,0.2237,0.2529930181629405,10,TRIGGER_ADAPTATION,SCALE_UP,8,32,9.859107794836962,0.22990938835447117,10,32,1.25,High complexity (WCI=0.22 >= 0.65) or CPU saturation (9.9% >= 0.82%)
12,15.93,S1,16,1016,0.1917,0.18014662766779213,12,TRIGGER_ADAPTATION,SCALE_UP,10,32,7.4302026921891775,0.19051073980999061,12,32,1.25,High complexity (WCI=0.19 >= 0.65) or CPU saturation (7.4% >= 0.82%)
16,21.24,S1,16,1016,0.2149,0.24709183900925688,14,TRIGGER_ADAPTATION,SCALE_UP,12,32,5,0.13828393362641142,14,32,1.25,High complexity (WCI=0.21 >= 0.65) or CPU saturation (5.0% >= 0.82%)
20,26.55,S1,16,1016,0.2009,0.2526800884318231,16,TRIGGER_ADAPTATION,SCALE_UP,14,32,5,0.06104061356710755,16,32,1.25,High complexity (WCI=0.20 >= 0.65) or CPU saturation (5.0% >= 0.82%)
0,0,S1,17,1017,0.2093,0.2278117445580238,6,TRIGGER_ADAPTATION,SCALE_UP,4,32,12.511443491789583,0.18768244298077377,6,32,1.25,High complexity (WCI=0.21 >= 0.65) or CPU saturation (12.5% >= 0.82%)
4,5.31,S1,17,1017,0.2279,0.2543727983769581,8,TRIGGER_ADAPTATION,SCALE_UP,6,32,6.76914945343773,0.22491281156988852,8,32,1.25,High complexity (WCI=0.23 >= 0.65) or CPU saturation (6.8% >= 0.82%)
8,10.62,S1,17,1017,0.2188,0.24313430717153686,10,TRIGGER_ADAPTATION,SCALE_UP,8,32,12.549337433818094,0.16777033428757032,10,32,1.25,High complexity (WCI=0.22 >= 0.65) or CPU saturation (12.5% >= 0.82%)
12,15.93,S1,17,1017,0.1929,0.17733455019833955,12,TRIGGER_ADAPTATION,SCALE_UP,10,32,5,0.22540482420720204,12,32,1.25,High complexity (WCI=0.19 >= 0.65) or CPU saturation (5.0% >= 0.82%)
16,21.24,S1,17,1017,0.22,0.2400341022753465,14,TRIGGER_ADAPTATION,SCALE_UP,12,32,5,0.19765899090793657,14,32,1.25,High complexity (WCI=0.22 >= 0.65) or CPU saturation (5.0% >= 0.82%)
20,26.55,S1,17,1017,0.21,0.21967503114851417,16,TRIGGER_ADAPTATION,SCALE_UP,14,32,5,0.15149742166966906,16,32,1.25,High complexity (WCI=0.21 >= 0.65) or CPU saturation (5.0% >= 0.82%)
0,0,S1,18,1018,0.1876,0.17163940467810646,6,TRIGGER_ADAPTATION,SCALE_UP,4,32,21.355591516903782,0.17658550857619792,6,32,1.25,High complexity (WCI=0.19 >= 0.65) or CPU saturation (21.4% >= 0.82%)
4,5.31,S1,18,1018,0.2102,0.2325136019465797,8,TRIGGER_ADAPTATION,SCALE_UP,6,32,8.721721635832983,0.17539172617997717,8,32,1.25,High complexity (WCI=0.21 >= 0.65) or CPU saturation (8.7% >= 0.82%)
8,10.62,S1,18,1018,0.2098,0.2075552735816087,10,TRIGGER_ADAPTATION,SCALE_UP,8,32,8.119556082201315,0.17606894063037484,10,32,1.25,High complexity (WCI=0.21 >= 0.65) or CPU saturation (8.1% >= 0.82%)
12,15.93,S1,18,1018,0.193,0.19497223322765142,12,TRIGGER_ADAPTATION,SCALE_UP,10,32,8.214044698269419,0.2175416845211517,12,32,1.25,High complexity (WCI=0.19 >= 0.65) or CPU saturation (8.2% >= 0.82%)
16,21.24,S1,18,1018,0.1968,0.18483460961160894,14,TRIGGER_ADAPTATION,SCALE_UP,12,32,5,0.1925146182755027,14,32,1.25,High complexity (WCI=0.20 >= 0.65) or CPU saturation (5.0% >= 0.82%)
20,26.55,S1,18,1018,0.1897,0.20768972709934858,16,TRIGGER_ADAPTATION,SCALE_UP,14,32,5,0.09714928081651523,16,32,1.25,High complexity (WCI=0.19 >= 0.65) or CPU saturation (5.0% >= 0.82%)
0,0,S1,19,1019,0.2245,0.2586970112555681,6,TRIGGER_ADAPTATION,SCALE_UP,4,32,10.094974968252753,0.19380174082150264,6,32,1.25,High complexity (WCI=0.22 >= 0.65) or CPU saturation (10.1% >= 0.82%)
4,5.31,S1,19,1019,0.2205,0.21131864361290337,8,TRIGGER_ADAPTATION,SCALE_UP,6,32,14.351724497733645,0.2551844396820532,8,32,1.25,High complexity (WCI=0.22 >= 0.65) or CPU saturation (14.4% >= 0.82%)
8,10.62,S1,19,1019,0.205,0.21752239591579067,10,TRIGGER_ADAPTATION,SCALE_UP,8,32,5,0.1622829033182594,10,32,1.25,High complexity (WCI=0.20 >= 0.65) or CPU saturation (5.0% >= 0.82%)
12,15.93,S1,19,1019,0.1923,0.21153216794291163,12,TRIGGER_ADAPTATION,SCALE_UP,10,32,5.665441235367676,0.12366333900958201,12,32,1.25,High complexity (WCI=0.19 >= 0.65) or CPU saturation (5.7% >= 0.82%)
16,21.24,S1,19,1019,0.1934,0.19751284101292663,14,TRIGGER_ADAPTATION,SCALE_UP,12,32,5.989427828791932,0.1728063210129332,14,32,1.25,High complexity (WCI=0.19 >= 0.65) or CPU saturation (6.0% >= 0.82%)
20,26.55,S1,19,1019,0.1687,0.16470878477187753,16,TRIGGER_ADAPTATION,SCALE_UP,14,32,6.902720304767074,0.13257078457481034,16,32,1.25,High complexity (WCI=0.17 >= 0.65) or CPU saturation (6.9% >= 0.82%)
0,0,S1,20,1020,0.2044,0.22682041730745123,6,TRIGGER_ADAPTATION,SCALE_UP,4,32,12.204996656305003,0.17479434428294977,6,32,1.25,High complexity (WCI=0.20 >= 0.65) or CPU saturation (12.2% >= 0.82%)
4,5.31,S1,20,1020,0.2103,0.23235789897643366,8,TRIGGER_ADAPTATION,SCALE_UP,6,32,9.030319303862964,0.1328805932870621,8,32,1.25,High complexity (WCI=0.21 >= 0.65) or CPU saturation (9.0% >= 0.82%)
8,10.62,S1,20,1020,0.221,0.24980984736128828,10,TRIGGER_ADAPTATION,SCALE_UP,8,32,6.930427896573798,0.16493518115888578,10,32,1.25,High complexity (WCI=0.22 >= 0.65) or CPU saturation (6.9% >= 0.82%)
12,15.93,S1,20,1020,0.2046,0.2516806240733782,12,TRIGGER_ADAPTATION,SCALE_UP,10,32,5,0.1407799645989532,12,32,1.25,High complexity (WCI=0.20 >= 0.65) or CPU saturation (5.0% >= 0.82%)
16,21.24,S1,20,1020,0.1963,0.1718142379806131,14,TRIGGER_ADAPTATION,SCALE_UP,12,32,5,0.20917182019401465,14,32,1.25,High complexity (WCI=0.20 >= 0.65) or CPU saturation (5.0% >= 0.82%)
20,26.55,S1,20,1020,0.2053,0.1961313347255414,16,TRIGGER_ADAPTATION,SCALE_UP,14,32,5,0.20490339388927317,16,32,1.25,High complexity (WCI=0.21 >= 0.65) or CPU saturation (5.0% >= 0.82%)
0,0,S1,21,1021,0.2308,0.25161233364212054,6,TRIGGER_ADAPTATION,SCALE_UP,4,32,14.895152213226325,0.21565956120302723,6,32,1.25,High complexity (WCI=0.23 >= 0.65) or CPU saturation (14.9% >= 0.82%)
4,5.31,S1,21,1021,0.2046,0.2305949210854556,8,TRIGGER_ADAPTATION,SCALE_UP,6,32,10.53111635406375,0.17051388630843176,8,32,1.25,High complexity (WCI=0.20 >= 0.65) or CPU saturation (10.5% >= 0.82%)
8,10.62,S1,21,1021,0.2212,0.26805047994132103,10,TRIGGER_ADAPTATION,SCALE_UP,8,32,7.248092150489574,0.18034161160369366,10,32,1.25,High complexity (WCI=0.22 >= 0.65) or CPU saturation (7.2% >= 0.82%)
12,15.93,S1,21,1021,0.2058,0.19973854631422872,12,TRIGGER_ADAPTATION,SCALE_UP,10,32,7.446492572263619,0.20389125437386746,12,32,1.25,High complexity (WCI=0.21 >= 0.65) or CPU saturation (7.4% >= 0.82%)
16,21.24,S1,21,1021,0.1899,0.23246739904214053,14,TRIGGER_ADAPTATION,SCALE_UP,12,32,5,0.18755917646847972,14,32,1.25,High complexity (WCI=0.19 >= 0.65) or CPU saturation (5.0% >= 0.82%)
20,26.55,S1,21,1021,0.1892,0.1928286521675662,16,TRIGGER_ADAPTATION,SCALE_UP,14,32,5,0.17230989308560346,16,32,1.25,High complexity (WCI=0.19 >= 0.65) or CPU saturation (5.0% >= 0.82%)
0,0,S1,22,1022,0.2091,0.21801982583369728,6,TRIGGER_ADAPTATION,SCALE_UP,4,32,16.61425264810154,0.21711004309328902,6,32,1.25,High complexity (WCI=0.21 >= 0.65) or CPU saturation (16.6% >= 0.82%)
4,5.31,S1,22,1022,0.2144,0.2683219313996024,8,TRIGGER_ADAPTATION,SCALE_UP,6,32,11.63280629330105,0.13379432495786966,8,32,1.25,High complexity (WCI=0.21 >= 0.65) or CPU saturation (11.6% >= 0.82%)
8,10.62,S1,22,1022,0.2402,0.25775016980362647,10,TRIGGER_ADAPTATION,SCALE_UP,8,32,7.073590567371646,0.24004869850439192,10,32,1.25,High complexity (WCI=0.24 >= 0.65) or CPU saturation (7.1% >= 0.82%)
12,15.93,S1,22,1022,0.1993,0.2282106845760817,12,TRIGGER_ADAPTATION,SCALE_UP,10,32,5,0.1298914919218708,12,32,1.25,High complexity (WCI=0.20 >= 0.65) or CPU saturation (5.0% >= 0.82%)
16,21.24,S1,22,1022,0.2159,0.24293940275851222,14,TRIGGER_ADAPTATION,SCALE_UP,12,32,5,0.16623615039581283,14,32,1.25,High complexity (WCI=0.22 >= 0.65) or CPU saturation (5.0% >= 0.82%)
20,26.55,S1,22,1022,0.2128,0.1998904870551772,16,TRIGGER_ADAPTATION,SCALE_UP,14,32,5,0.23009938794504142,16,32,1.25,High complexity (WCI=0.21 >= 0.65) or CPU saturation (5.0% >= 0.82%)
0,0,S1,23,1023,0.2197,0.24480148839322877,6,TRIGGER_ADAPTATION,SCALE_UP,4,32,18.405986017996064,0.18940528517932662,6,32,1.25,High complexity (WCI=0.22 >= 0.65) or CPU saturation (18.4% >= 0.82%)
4,5.31,S1,23,1023,0.2146,0.25037389381156294,8,TRIGGER_ADAPTATION,SCALE_UP,6,32,8.2375702869758,0.17207019790739023,8,32,1.25,High complexity (WCI=0.21 >= 0.65) or CPU saturation (8.2% >= 0.82%)
8,10.62,S1,23,1023,0.2024,0.19217796897821204,10,TRIGGER_ADAPTATION,SCALE_UP,8,32,5.6489758219580075,0.21132948540846558,10,32,1.25,High complexity (WCI=0.20 >= 0.65) or CPU saturation (5.6% >= 0.82%)
12,15.93,S1,23,1023,0.2099,0.2556407168486359,12,TRIGGER_ADAPTATION,SCALE_UP,10,32,7.011149027190289,0.1354527429328297,12,32,1.25,High complexity (WCI=0.21 >= 0.65) or CPU saturation (7.0% >= 0.82%)
16,21.24,S1,23,1023,0.3165,0.4544323285823635,14,TRIGGER_ADAPTATION,SCALE_UP,12,32,7.105005724607777,0.18144880004251934,14,32,1.25,High complexity (WCI=0.32 >= 0.65) or CPU saturation (7.1% >= 0.82%)
20,26.55,S1,23,1023,0.2077,0.21151030720168731,16,TRIGGER_ADAPTATION,SCALE_UP,14,32,6.597877472598173,0.16490161215871524,16,32,1.25,High complexity (WCI=0.21 >= 0.65) or CPU saturation (6.6% >= 0.82%)
0,0,S1,24,1024,0.2137,0.2539740093985314,6,TRIGGER_ADAPTATION,SCALE_UP,4,32,12.462099561536126,0.16871997015449222,6,32,1.25,High complexity (WCI=0.21 >= 0.65) or CPU saturation (12.5% >= 0.82%)
4,5.31,S1,24,1024,0.193,0.20327755042674342,8,TRIGGER_ADAPTATION,SCALE_UP,6,32,10.822057616511419,0.15750524629409132,8,32,1.25,High complexity (WCI=0.19 >= 0.65) or CPU saturation (10.8% >= 0.82%)
8,10.62,S1,24,1024,0.2245,0.26774425560424103,10,TRIGGER_ADAPTATION,SCALE_UP,8,32,5.76050824501617,0.19291189031312259,10,32,1.25,High complexity (WCI=0.22 >= 0.65) or CPU saturation (5.8% >= 0.82%)
12,15.93,S1,24,1024,0.2332,0.2876061350061647,12,TRIGGER_ADAPTATION,SCALE_UP,10,32,5,0.11675439668335158,12,32,1.25,High complexity (WCI=0.23 >= 0.65) or CPU saturation (5.0% >= 0.82%)
16,21.24,S1,24,1024,0.2061,0.1980016503213506,14,TRIGGER_ADAPTATION,SCALE_UP,12,32,7.729080791112394,0.17746868032480595,14,32,1.25,High complexity (WCI=0.21 >= 0.65) or CPU saturation (7.7% >= 0.82%)
20,26.55,S1,24,1024,0.2229,0.24982811147058526,16,TRIGGER_ADAPTATION,SCALE_UP,14,32,6.579029141649746,0.155742762198182,16,32,1.25,High complexity (WCI=0.22 >= 0.65) or CPU saturation (6.6% >= 0.82%)
0,0,S1,25,1025,0.223,0.2556181175196977,6,TRIGGER_ADAPTATION,SCALE_UP,4,32,19.228301071030256,0.22016720041992768,6,32,1.25,High complexity (WCI=0.22 >= 0.65) or CPU saturation (19.2% >= 0.82%)
4,5.31,S1,25,1025,0.2132,0.18705746679053414,8,TRIGGER_ADAPTATION,SCALE_UP,6,32,8.213262026650192,0.24861465759291526,8,32,1.25,High complexity (WCI=0.21 >= 0.65) or CPU saturation (8.2% >= 0.82%)
8,10.62,S1,25,1025,0.22,0.22172471052463982,10,TRIGGER_ADAPTATION,SCALE_UP,8,32,5,0.20161817547799882,10,32,1.25,High complexity (WCI=0.22 >= 0.65) or CPU saturation (5.0% >= 0.82%)
12,15.93,S1,25,1025,0.1831,0.15628863850478902,12,TRIGGER_ADAPTATION,SCALE_UP,10,32,7.372819185544076,0.20413004360103607,12,32,1.25,High complexity (WCI=0.18 >= 0.65) or CPU saturation (7.4% >= 0.82%)
16,21.24,S1,25,1025,0.2246,0.2608100764441162,14,TRIGGER_ADAPTATION,SCALE_UP,12,32,7.6754225798152,0.2004275421568631,14,32,1.25,High complexity (WCI=0.22 >= 0.65) or CPU saturation (7.7% >= 0.82%)
20,26.55,S1,25,1025,0.1899,0.2214773732840782,16,TRIGGER_ADAPTATION,SCALE_UP,14,32,5,0.12445858878201163,16,32,1.25,High complexity (WCI=0.19 >= 0.65) or CPU saturation (5.0% >= 0.82%)
0,0,S1,26,1026,0.2171,0.2187034377472433,6,TRIGGER_ADAPTATION,SCALE_UP,4,32,12.035124921434688,0.20234374887012924,6,32,1.25,High complexity (WCI=0.22 >= 0.65) or CPU saturation (12.0% >= 0.82%)
4,5.31,S1,26,1026,0.1853,0.17928484927936042,8,TRIGGER_ADAPTATION,SCALE_UP,6,32,9.47972233441536,0.18189808693195283,8,32,1.25,High complexity (WCI=0.19 >= 0.65) or CPU saturation (9.5% >= 0.82%)
8,10.62,S1,26,1026,0.2241,0.25441920903702153,10,TRIGGER_ADAPTATION,SCALE_UP,8,32,12.714535382797285,0.16828383511184175,10,32,1.25,High complexity (WCI=0.22 >= 0.65) or CPU saturation (12.7% >= 0.82%)
12,15.93,S1,26,1026,0.2233,0.2287513316025112,12,TRIGGER_ADAPTATION,SCALE_UP,10,32,5,0.21165569310225402,12,32,1.25,High complexity (WCI=0.22 >= 0.65) or CPU saturation (5.0% >= 0.82%)
16,21.24,S1,26,1026,0.2143,0.22742923034475798,14,TRIGGER_ADAPTATION,SCALE_UP,12,32,9.065005544976879,0.16651750875176402,14,32,1.25,High complexity (WCI=0.21 >= 0.65) or CPU saturation (9.1% >= 0.82%)
20,26.55,S1,26,1026,0.1992,0.19434105388661338,16,TRIGGER_ADAPTATION,SCALE_UP,14,32,5,0.19365014407071524,16,32,1.25,High complexity (WCI=0.20 >= 0.65) or CPU saturation (5.0% >= 0.82%)
0,0,S1,27,1027,0.228,0.23756403423501232,6,TRIGGER_ADAPTATION,SCALE_UP,4,32,13.685730828796647,0.27269112844388854,6,32,1.25,High complexity (WCI=0.23 >= 0.65) or CPU saturation (13.7% >= 0.82%)
4,5.31,S1,27,1027,0.2263,0.23720983180851268,8,TRIGGER_ADAPTATION,SCALE_UP,6,32,7.313504094891144,0.1837955175592771,8,32,1.25,High complexity (WCI=0.23 >= 0.65) or CPU saturation (7.3% >= 0.82%)
8,10.62,S1,27,1027,0.2096,0.20931848026848646,10,TRIGGER_ADAPTATION,SCALE_UP,8,32,9.494520758243565,0.2085744551086936,10,32,1.25,High complexity (WCI=0.21 >= 0.65) or CPU saturation (9.5% >= 0.82%)
12,15.93,S1,27,1027,0.2176,0.2260901253352132,12,TRIGGER_ADAPTATION,SCALE_UP,10,32,5,0.22022855838618838,12,32,1.25,High complexity (WCI=0.22 >= 0.65) or CPU saturation (5.0% >= 0.82%)
16,21.24,S1,27,1027,0.2263,0.2103262642962088,14,TRIGGER_ADAPTATION,SCALE_UP,12,32,5,0.18228680512315068,14,32,1.25,High complexity (WCI=0.23 >= 0.65) or CPU saturation (5.0% >= 0.82%)
20,26.55,S1,27,1027,0.2205,0.24185748056704334,16,TRIGGER_ADAPTATION,SCALE_UP,14,32,6.288849813864784,0.15436934900101976,16,32,1.25,High complexity (WCI=0.22 >= 0.65) or CPU saturation (6.3% >= 0.82%)
0,0,S1,28,1028,0.2083,0.22235634566898085,6,TRIGGER_ADAPTATION,SCALE_UP,4,32,16.49826647396672,0.20102733496481678,6,32,1.25,High complexity (WCI=0.21 >= 0.65) or CPU saturation (16.5% >= 0.82%)
4,5.31,S1,28,1028,0.1869,0.19855352879819524,8,TRIGGER_ADAPTATION,SCALE_UP,6,32,6.730587596859407,0.15237261768935895,8,32,1.25,High complexity (WCI=0.19 >= 0.65) or CPU saturation (6.7% >= 0.82%)
8,10.62,S1,28,1028,0.1745,0.16182909649099186,10,TRIGGER_ADAPTATION,SCALE_UP,8,32,5,0.1507104124837919,10,32,1.25,High complexity (WCI=0.17 >= 0.65) or CPU saturation (5.0% >= 0.82%)
12,15.93,S1,28,1028,0.2011,0.2174737907349873,12,TRIGGER_ADAPTATION,SCALE_UP,10,32,7.307189330590013,0.19116200416699924,12,32,1.25,High complexity (WCI=0.20 >= 0.65) or CPU saturation (7.3% >= 0.82%)
16,21.24,S1,28,1028,0.1956,0.19445774329501708,14,TRIGGER_ADAPTATION,SCALE_UP,12,32,5,0.24617190856541057,14,32,1.25,High complexity (WCI=0.20 >= 0.65) or CPU saturation (5.0% >= 0.82%)
20,26.55,S1,28,1028,0.1892,0.2063915174620773,16,TRIGGER_ADAPTATION,SCALE_UP,14,32,5,0.17110638960385255,16,32,1.25,High complexity (WCI=0.19 >= 0.65) or CPU saturation (5.0% >= 0.82%)
0,0,S1,29,1029,0.2159,0.20520671547776276,6,TRIGGER_ADAPTATION,SCALE_UP,4,32,15.463601098020217,0.2267185005220805,6,32,1.25,High complexity (WCI=0.22 >= 0.65) or CPU saturation (15.5% >= 0.82%)
4,5.31,S1,29,1029,0.2247,0.24557116237349996,8,TRIGGER_ADAPTATION,SCALE_UP,6,32,9.995837522267834,0.16318870056972903,8,32,1.25,High complexity (WCI=0.22 >= 0.65) or CPU saturation (10.0% >= 0.82%)
8,10.62,S1,29,1029,0.2355,0.2550627282941678,10,TRIGGER_ADAPTATION,SCALE_UP,8,32,11.383515883928148,0.2154541949947611,10,32,1.25,High complexity (WCI=0.24 >= 0.65) or CPU saturation (11.4% >= 0.82%)
12,15.93,S1,29,1029,0.2202,0.24932394071190114,12,TRIGGER_ADAPTATION,SCALE_UP,10,32,5,0.19281151419253995,12,32,1.25,High complexity (WCI=0.22 >= 0.65) or CPU saturation (5.0% >= 0.82%)
16,21.24,S1,29,1029,0.2043,0.205304735006451,14,TRIGGER_ADAPTATION,SCALE_UP,12,32,9.527849039911372,0.2026577321337,14,32,1.25,High complexity (WCI=0.20 >= 0.65) or CPU saturation (9.5% >= 0.82%)
20,26.55,S1,29,1029,0.1878,0.20198661157072384,16,TRIGGER_ADAPTATION,SCALE_UP,14,32,6.984366292868888,0.16942044453793784,16,32,1.25,High complexity (WCI=0.19 >= 0.65) or CPU saturation (7.0% >= 0.82%)
0,0,S1,30,1030,0.2277,0.2209553302743704,6,TRIGGER_ADAPTATION,SCALE_UP,4,32,14.022561773313196,0.2043876283963541,6,32,1.25,High complexity (WCI=0.23 >= 0.65) or CPU saturation (14.0% >= 0.82%)
4,5.31,S1,30,1030,0.2116,0.2310797979149165,8,TRIGGER_ADAPTATION,SCALE_UP,6,32,9.74131305516735,0.1734710856852299,8,32,1.25,High complexity (WCI=0.21 >= 0.65) or CPU saturation (9.7% >= 0.82%)
8,10.62,S1,30,1030,0.1705,0.198958074249969,10,TRIGGER_ADAPTATION,SCALE_UP,8,32,8.46522207983173,0.07179742918237743,10,32,1.25,High complexity (WCI=0.17 >= 0.65) or CPU saturation (8.5% >= 0.82%)
12,15.93,S1,30,1030,0.2,0.18987717512826432,12,TRIGGER_ADAPTATION,SCALE_UP,10,32,5.429969043853435,0.23375976399731868,12,32,1.25,High complexity (WCI=0.20 >= 0.65) or CPU saturation (5.4% >= 0.82%)
16,21.24,S1,30,1030,0.1901,0.22098016424333095,14,TRIGGER_ADAPTATION,SCALE_UP,12,32,5.383685113169019,0.16717966832483647,14,32,1.25,High complexity (WCI=0.19 >= 0.65) or CPU saturation (5.4% >= 0.82%)
20,26.55,S1,30,1030,0.2332,0.22743476078528357,16,TRIGGER_ADAPTATION,SCALE_UP,14,32,5,0.24288574360858892,16,32,1.25,High complexity (WCI=0.23 >= 0.65) or CPU saturation (5.0% >= 0.82%)
0,0,S2,1,1001,0.7162,0.8471871788709657,6,TRIGGER_ADAPTATION,SCALE_UP,4,32,39.41944197580463,0.31483859865124303,6,32,1.25,High complexity (WCI=0.72 >= 0.65) or CPU saturation (39.4% >= 0.82%)
4,5.31,S2,1,1001,0.6916,0.812088069698613,8,TRIGGER_ADAPTATION,SCALE_UP,6,32,31.19522899609538,0.3041093370633826,8,32,1.25,High complexity (WCI=0.69 >= 0.65) or CPU saturation (31.2% >= 0.82%)
8,10.62,S2,1,1001,0.7017,0.80014791527862,10,TRIGGER_ADAPTATION,SCALE_UP,8,32,24.300580728305835,0.32036777803082234,10,32,1.25,High complexity (WCI=0.70 >= 0.65) or CPU saturation (24.3% >= 0.82%)
12,15.93,S2,1,1001,0.6826,0.8523817877075113,12,TRIGGER_ADAPTATION,SCALE_UP,10,32,19.376169030289788,0.1749886720870295,12,32,1.25,High complexity (WCI=0.68 >= 0.65) or CPU saturation (19.4% >= 0.82%)
16,21.24,S2,1,1001,0.7055,0.8149323362189471,14,TRIGGER_ADAPTATION,SCALE_UP,12,32,17.559131546463288,0.2533808187001818,14,32,1.25,High complexity (WCI=0.71 >= 0.65) or CPU saturation (17.6% >= 0.82%)
20,26.55,S2,1,1001,0.6669,0.7925044000610473,16,TRIGGER_ADAPTATION,SCALE_UP,14,32,8.14581680015642,0.16534601938662732,16,32,1.25,High complexity (WCI=0.67 >= 0.65) or CPU saturation (8.1% >= 0.82%)
24,31.86,S2,1,1001,0.6776,0.8459726508292131,16,TRIGGER_ADAPTATION,ADJUST_PARAMETERS,16,32,10.614440243283164,0.12868681867509893,16,24,0.3,"Data intensity elevated (Dw=0.77 >= 0.7), throttling batch size"
28,36.22,S2,1,1001,0.6775,0.8361611778244649,16,TRIGGER_ADAPTATION,ADJUST_PARAMETERS,16,24,12.073088308690574,0.14590680395354727,16,16,0.3,"Data intensity elevated (Dw=0.78 >= 0.7), throttling batch size"
0,0,S2,2,1002,0.6955,0.7920886813841546,6,TRIGGER_ADAPTATION,SCALE_UP,4,32,39.999203294083316,0.2798986083093601,6,32,1.25,High complexity (WCI=0.70 >= 0.65) or CPU saturation (40.0% >= 0.82%)
4,5.31,S2,2,1002,0.7378,0.8884478609395093,8,TRIGGER_ADAPTATION,SCALE_UP,6,32,29.018198375373643,0.3098373795744119,8,32,1.25,High complexity (WCI=0.74 >= 0.65) or CPU saturation (29.0% >= 0.82%)
8,10.62,S2,2,1002,0.6514,0.7420761557859001,10,TRIGGER_ADAPTATION,SCALE_UP,8,32,24.19503382267835,0.25612823235276744,10,32,1.25,High complexity (WCI=0.65 >= 0.65) or CPU saturation (24.2% >= 0.82%)
12,15.93,S2,2,1002,0.7064,0.8517260201612782,12,TRIGGER_ADAPTATION,SCALE_UP,10,32,10.54164464808773,0.18604075450103932,12,32,1.25,High complexity (WCI=0.71 >= 0.65) or CPU saturation (10.5% >= 0.82%)
16,21.24,S2,2,1002,0.6793,0.7987518250089701,14,TRIGGER_ADAPTATION,SCALE_UP,12,32,13.750034877392201,0.2034620280281579,14,32,1.25,High complexity (WCI=0.68 >= 0.65) or CPU saturation (13.8% >= 0.82%)
20,26.55,S2,2,1002,0.6865,0.8099260834319895,16,TRIGGER_ADAPTATION,SCALE_UP,14,32,14.602308038137757,0.23550137197681242,16,32,1.25,High complexity (WCI=0.69 >= 0.65) or CPU saturation (14.6% >= 0.82%)
24,31.86,S2,2,1002,0.7035,0.8511522674798084,16,TRIGGER_ADAPTATION,ADJUST_PARAMETERS,16,32,11.080906530196824,0.22021424924082983,16,24,0.3,"Data intensity elevated (Dw=0.79 >= 0.7), throttling batch size"
28,36.22,S2,2,1002,0.6612,0.779626709964316,16,TRIGGER_ADAPTATION,ADJUST_PARAMETERS,16,24,12.346138308173526,0.21163165059102002,16,16,0.3,"Data intensity elevated (Dw=0.77 >= 0.7), throttling batch size"
0,0,S2,3,1003,0.7305,0.8422125529511538,6,TRIGGER_ADAPTATION,SCALE_UP,4,32,42.95746035669579,0.37617385898527345,6,32,1.25,High complexity (WCI=0.73 >= 0.65) or CPU saturation (43.0% >= 0.82%)
4,5.31,S2,3,1003,0.7092,0.8429328065749738,8,TRIGGER_ADAPTATION,SCALE_UP,6,32,34.98525217421488,0.28495220481236666,8,32,1.25,High complexity (WCI=0.71 >= 0.65) or CPU saturation (35.0% >= 0.82%)
8,10.62,S2,3,1003,0.6758,0.8294528393061131,10,TRIGGER_ADAPTATION,SCALE_UP,8,32,22.765605627326234,0.20981872789432948,10,32,1.25,High complexity (WCI=0.68 >= 0.65) or CPU saturation (22.8% >= 0.82%)
12,15.93,S2,3,1003,0.692,0.8465567936633371,12,TRIGGER_ADAPTATION,SCALE_UP,10,32,15.790503299730203,0.22408608030759714,12,32,1.25,High complexity (WCI=0.69 >= 0.65) or CPU saturation (15.8% >= 0.82%)
16,21.24,S2,3,1003,0.6629,0.8028246209649049,14,TRIGGER_ADAPTATION,SCALE_UP,12,32,16.596236252369955,0.15939426691209832,14,32,1.25,High complexity (WCI=0.66 >= 0.65) or CPU saturation (16.6% >= 0.82%)
20,26.55,S2,3,1003,0.7065,0.837552593630404,16,TRIGGER_ADAPTATION,SCALE_UP,14,32,9.604658222657955,0.17627204084037124,16,32,1.25,High complexity (WCI=0.71 >= 0.65) or CPU saturation (9.6% >= 0.82%)
24,31.86,S2,3,1003,0.6946,0.8436434730501163,16,TRIGGER_ADAPTATION,ADJUST_PARAMETERS,16,32,8.577488016534542,0.1817375574993753,16,24,0.3,"Data intensity elevated (Dw=0.80 >= 0.7), throttling batch size"
28,36.22,S2,3,1003,0.7022,0.8292475827386585,16,TRIGGER_ADAPTATION,ADJUST_PARAMETERS,16,24,11.752641578016407,0.22706526744682143,16,16,0.3,"Data intensity elevated (Dw=0.81 >= 0.7), throttling batch size"
0,0,S2,4,1004,0.7061,0.8524556617955177,6,TRIGGER_ADAPTATION,SCALE_UP,4,32,38.93201783476364,0.26617944031181123,6,32,1.25,High complexity (WCI=0.71 >= 0.65) or CPU saturation (38.9% >= 0.82%)
4,5.31,S2,4,1004,0.6816,0.8249807797039734,8,TRIGGER_ADAPTATION,SCALE_UP,6,32,24.02395359918916,0.20254813777035421,8,32,1.25,High complexity (WCI=0.68 >= 0.65) or CPU saturation (24.0% >= 0.82%)
8,10.62,S2,4,1004,0.7109,0.8513907138117963,10,TRIGGER_ADAPTATION,SCALE_UP,8,32,16.187948800310785,0.18993149197328957,10,32,1.25,High complexity (WCI=0.71 >= 0.65) or CPU saturation (16.2% >= 0.82%)
12,15.93,S2,4,1004,0.675,0.8209977186002648,12,TRIGGER_ADAPTATION,SCALE_UP,10,32,22.108480804517388,0.1820639262197517,12,32,1.25,High complexity (WCI=0.68 >= 0.65) or CPU saturation (22.1% >= 0.82%)
16,21.24,S2,4,1004,0.6746,0.829753786159423,14,TRIGGER_ADAPTATION,SCALE_UP,12,32,16.06815530963636,0.1867029401084267,14,32,1.25,High complexity (WCI=0.67 >= 0.65) or CPU saturation (16.1% >= 0.82%)
20,26.55,S2,4,1004,0.6748,0.8529838404318961,16,TRIGGER_ADAPTATION,SCALE_UP,14,32,11.143375581089265,0.12452049880670615,16,32,1.25,High complexity (WCI=0.67 >= 0.65) or CPU saturation (11.1% >= 0.82%)
24,31.86,S2,4,1004,0.7024,0.8540734998436318,16,TRIGGER_ADAPTATION,ADJUST_PARAMETERS,16,32,11.280235115646994,0.2201056440734546,16,24,0.3,"Data intensity elevated (Dw=0.78 >= 0.7), throttling batch size"
28,36.22,S2,4,1004,0.6678,0.8113249911106558,16,TRIGGER_ADAPTATION,ADJUST_PARAMETERS,16,24,13.301260083104996,0.16401118110225119,16,16,0.3,"Data intensity elevated (Dw=0.77 >= 0.7), throttling batch size"
0,0,S2,5,1005,0.7179,0.807396761446272,6,TRIGGER_ADAPTATION,SCALE_UP,4,32,39.501155471270366,0.34375209396303075,6,32,1.25,High complexity (WCI=0.72 >= 0.65) or CPU saturation (39.5% >= 0.82%)
4,5.31,S2,5,1005,0.6552,0.765397523353062,8,TRIGGER_ADAPTATION,SCALE_UP,6,32,24.312454431842824,0.20917282670046372,8,32,1.25,High complexity (WCI=0.66 >= 0.65) or CPU saturation (24.3% >= 0.82%)
8,10.62,S2,5,1005,0.6816,0.8270803157395289,10,TRIGGER_ADAPTATION,SCALE_UP,8,32,14.966983027613104,0.22704285267470603,10,32,1.25,High complexity (WCI=0.68 >= 0.65) or CPU saturation (15.0% >= 0.82%)
12,15.93,S2,5,1005,0.6905,0.8324378682629778,12,TRIGGER_ADAPTATION,SCALE_UP,10,32,14.844576998416507,0.2554987125983074,12,32,1.25,High complexity (WCI=0.69 >= 0.65) or CPU saturation (14.8% >= 0.82%)
16,21.24,S2,5,1005,0.6974,0.8346016877901149,14,TRIGGER_ADAPTATION,SCALE_UP,12,32,15.568963064218083,0.20180391166157616,14,32,1.25,High complexity (WCI=0.70 >= 0.65) or CPU saturation (15.6% >= 0.82%)
20,26.55,S2,5,1005,0.6841,0.8090332977593973,16,TRIGGER_ADAPTATION,SCALE_UP,14,32,13.117482361743976,0.25192984519606193,16,32,1.25,High complexity (WCI=0.68 >= 0.65) or CPU saturation (13.1% >= 0.82%)
24,31.86,S2,5,1005,0.71,0.8867790451618894,16,TRIGGER_ADAPTATION,ADJUST_PARAMETERS,16,32,14.520335191734505,0.16869195450630312,16,24,0.3,"Data intensity elevated (Dw=0.79 >= 0.7), throttling batch size"
28,36.22,S2,5,1005,0.7597,1,16,TRIGGER_ADAPTATION,ADJUST_PARAMETERS,16,24,10.680115683835371,0.16121447940106734,16,16,0.3,"Data intensity elevated (Dw=0.79 >= 0.7), throttling batch size"
0,0,S2,6,1006,0.708,0.8346978404081868,6,TRIGGER_ADAPTATION,SCALE_UP,4,32,42.57535087722698,0.33024130115102907,6,32,1.25,High complexity (WCI=0.71 >= 0.65) or CPU saturation (42.6% >= 0.82%)
4,5.31,S2,6,1006,0.7297,0.8338526907815654,8,TRIGGER_ADAPTATION,SCALE_UP,6,32,39.69484270321674,0.3558503088880751,8,32,1.25,High complexity (WCI=0.73 >= 0.65) or CPU saturation (39.7% >= 0.82%)
8,10.62,S2,6,1006,0.7061,0.8463403066879648,10,TRIGGER_ADAPTATION,SCALE_UP,8,32,23.004459091105197,0.2635133733202203,10,32,1.25,High complexity (WCI=0.71 >= 0.65) or CPU saturation (23.0% >= 0.82%)
12,15.93,S2,6,1006,0.6554,0.7857070070366118,12,TRIGGER_ADAPTATION,SCALE_UP,10,32,17.878719006578724,0.1725421652790222,12,32,1.25,High complexity (WCI=0.66 >= 0.65) or CPU saturation (17.9% >= 0.82%)
16,21.24,S2,6,1006,0.7046,0.8726927878170175,14,TRIGGER_ADAPTATION,SCALE_UP,12,32,11.71135555922207,0.1761567385232069,14,32,1.25,High complexity (WCI=0.70 >= 0.65) or CPU saturation (11.7% >= 0.82%)
20,26.55,S2,6,1006,0.6571,0.7893096227923793,16,TRIGGER_ADAPTATION,SCALE_UP,14,32,13.109979698947594,0.19306876677923973,16,32,1.25,High complexity (WCI=0.66 >= 0.65) or CPU saturation (13.1% >= 0.82%)
24,31.86,S2,6,1006,0.6754,0.8289978266160433,16,TRIGGER_ADAPTATION,ADJUST_PARAMETERS,16,32,7.2306425647613946,0.17768599527933088,16,24,0.3,"Data intensity elevated (Dw=0.76 >= 0.7), throttling batch size"
28,36.22,S2,6,1006,0.6542,0.766427515517939,16,TRIGGER_ADAPTATION,ADJUST_PARAMETERS,16,24,10.223842952935925,0.17983069596237983,16,16,0.3,"Data intensity elevated (Dw=0.78 >= 0.7), throttling batch size"
0,0,S2,7,1007,0.7796,1,6,TRIGGER_ADAPTATION,SCALE_UP,4,32,34.41490428216543,0.24821873944186812,6,32,1.25,High complexity (WCI=0.78 >= 0.65) or CPU saturation (34.4% >= 0.82%)
4,5.31,S2,7,1007,0.7067,0.8532506901172668,8,TRIGGER_ADAPTATION,SCALE_UP,6,32,27.52842040877515,0.27641928124187787,8,32,1.25,High complexity (WCI=0.71 >= 0.65) or CPU saturation (27.5% >= 0.82%)
8,10.62,S2,7,1007,0.7005,0.8454321069660026,10,TRIGGER_ADAPTATION,SCALE_UP,8,32,22.325613068039434,0.2382060639623776,10,32,1.25,High complexity (WCI=0.70 >= 0.65) or CPU saturation (22.3% >= 0.82%)
12,15.93,S2,7,1007,0.6823,0.818842314032459,12,TRIGGER_ADAPTATION,SCALE_UP,10,32,15.084737254484843,0.21854053362028705,12,32,1.25,High complexity (WCI=0.68 >= 0.65) or CPU saturation (15.1% >= 0.82%)
16,21.24,S2,7,1007,0.6692,0.7887281780369196,14,TRIGGER_ADAPTATION,SCALE_UP,12,32,16.115598365196,0.17267103406516646,14,32,1.25,High complexity (WCI=0.67 >= 0.65) or CPU saturation (16.1% >= 0.82%)
20,26.55,S2,7,1007,0.6956,0.8457158565382344,16,TRIGGER_ADAPTATION,SCALE_UP,14,32,13.12130545620641,0.17867380252089382,16,32,1.25,High complexity (WCI=0.70 >= 0.65) or CPU saturation (13.1% >= 0.82%)
24,31.86,S2,7,1007,0.6939,0.8587833175132638,16,TRIGGER_ADAPTATION,ADJUST_PARAMETERS,16,32,6.963168128620046,0.22849308958907527,16,24,0.3,"Data intensity elevated (Dw=0.75 >= 0.7), throttling batch size"
28,36.22,S2,7,1007,0.6882,0.8621856434807819,16,TRIGGER_ADAPTATION,ADJUST_PARAMETERS,16,24,9.129656042577654,0.16910220477392718,16,16,0.3,"Data intensity elevated (Dw=0.76 >= 0.7), throttling batch size"
0,0,S2,8,1008,0.7016,0.7890047661896974,6,TRIGGER_ADAPTATION,SCALE_UP,4,32,44.64960015968489,0.3192423768244979,6,32,1.25,High complexity (WCI=0.70 >= 0.65) or CPU saturation (44.6% >= 0.82%)
4,5.31,S2,8,1008,0.6717,0.7927400477390109,8,TRIGGER_ADAPTATION,SCALE_UP,6,32,25.471143698759025,0.1947193454098525,8,32,1.25,High complexity (WCI=0.67 >= 0.65) or CPU saturation (25.5% >= 0.82%)
8,10.62,S2,8,1008,0.7033,0.8546747414582947,10,TRIGGER_ADAPTATION,SCALE_UP,8,32,30.509462388373027,0.26780522133548057,10,32,1.25,High complexity (WCI=0.70 >= 0.65) or CPU saturation (30.5% >= 0.82%)
12,15.93,S2,8,1008,0.65,0.7578530626962228,12,TRIGGER_ADAPTATION,SCALE_UP,10,32,10.438659737515884,0.22380638976519804,12,32,1.25,High complexity (WCI=0.65 >= 0.65) or CPU saturation (10.4% >= 0.82%)
16,21.24,S2,8,1008,0.6688,0.805922021149325,14,TRIGGER_ADAPTATION,SCALE_UP,12,32,17.40391075651542,0.14972299840307743,14,32,1.25,High complexity (WCI=0.67 >= 0.65) or CPU saturation (17.4% >= 0.82%)
20,26.55,S2,8,1008,0.6763,0.7902592677345789,16,TRIGGER_ADAPTATION,SCALE_UP,14,32,11.980132147460111,0.20446551646544758,16,32,1.25,High complexity (WCI=0.68 >= 0.65) or CPU saturation (12.0% >= 0.82%)
24,31.86,S2,8,1008,0.6729,0.805462381056081,16,TRIGGER_ADAPTATION,ADJUST_PARAMETERS,16,32,11.62082466853243,0.2328680891577004,16,24,0.3,"Data intensity elevated (Dw=0.75 >= 0.7), throttling batch size"
28,36.22,S2,8,1008,0.6907,0.8201585246159756,16,TRIGGER_ADAPTATION,ADJUST_PARAMETERS,16,24,13.178758499783907,0.23856655125263065,16,16,0.3,"Data intensity elevated (Dw=0.78 >= 0.7), throttling batch size"
0,0,S2,9,1009,0.7148,0.8125626423510867,6,TRIGGER_ADAPTATION,SCALE_UP,4,32,40.098009705533315,0.32858873815910444,6,32,1.25,High complexity (WCI=0.71 >= 0.65) or CPU saturation (40.1% >= 0.82%)
4,5.31,S2,9,1009,0.7691,1,8,TRIGGER_ADAPTATION,SCALE_UP,6,32,26.83752776465653,0.24867708953929846,8,32,1.25,High complexity (WCI=0.77 >= 0.65) or CPU saturation (26.8% >= 0.82%)
8,10.62,S2,9,1009,0.7832,1,10,TRIGGER_ADAPTATION,SCALE_UP,8,32,23.096487396200718,0.2222233894482444,10,32,1.25,High complexity (WCI=0.78 >= 0.65) or CPU saturation (23.1% >= 0.82%)
12,15.93,S2,9,1009,0.665,0.8310353086403731,12,TRIGGER_ADAPTATION,SCALE_UP,10,32,12.113257518883517,0.13765332769828725,12,32,1.25,High complexity (WCI=0.67 >= 0.65) or CPU saturation (12.1% >= 0.82%)
16,21.24,S2,9,1009,0.6861,0.8247139456447825,14,TRIGGER_ADAPTATION,SCALE_UP,12,32,13.758560762447786,0.22587104151424064,14,32,1.25,High complexity (WCI=0.69 >= 0.65) or CPU saturation (13.8% >= 0.82%)
20,26.55,S2,9,1009,0.6754,0.8362739323639152,16,TRIGGER_ADAPTATION,SCALE_UP,14,32,9.601040981416263,0.15329957001513353,16,32,1.25,High complexity (WCI=0.68 >= 0.65) or CPU saturation (9.6% >= 0.82%)
24,31.86,S2,9,1009,0.6738,0.8176514185959938,16,TRIGGER_ADAPTATION,ADJUST_PARAMETERS,16,32,9.050443719030897,0.12953853615582772,16,24,0.3,"Data intensity elevated (Dw=0.80 >= 0.7), throttling batch size"
28,36.22,S2,9,1009,0.6403,0.7546760604072961,16,TRIGGER_ADAPTATION,ADJUST_PARAMETERS,16,24,12.512277404910705,0.15567206754391738,16,16,0.3,"Data intensity elevated (Dw=0.77 >= 0.7), throttling batch size"
0,0,S2,10,1010,0.7747,1,6,TRIGGER_ADAPTATION,SCALE_UP,4,32,40.3885602454718,0.2632485183263517,6,32,1.25,High complexity (WCI=0.77 >= 0.65) or CPU saturation (40.4% >= 0.82%)
4,5.31,S2,10,1010,0.6934,0.807583033015721,8,TRIGGER_ADAPTATION,SCALE_UP,6,32,33.03484916759821,0.2858394329028361,8,32,1.25,High complexity (WCI=0.69 >= 0.65) or CPU saturation (33.0% >= 0.82%)
8,10.62,S2,10,1010,0.7146,0.8252293351073599,10,TRIGGER_ADAPTATION,SCALE_UP,8,32,20.976718918067313,0.33642522840754996,10,32,1.25,High complexity (WCI=0.71 >= 0.65) or CPU saturation (21.0% >= 0.82%)
12,15.93,S2,10,1010,0.6151,0.7298445563703895,12,TRIGGER_ADAPTATION,SCALE_UP,10,32,14.870505306541304,0.14807962943452718,12,32,1.25,High complexity (WCI=0.62 >= 0.65) or CPU saturation (14.9% >= 0.82%)
16,21.24,S2,10,1010,0.7173,0.8377113107324996,14,TRIGGER_ADAPTATION,SCALE_UP,12,32,17.26287631033202,0.28081387666624846,14,32,1.25,High complexity (WCI=0.72 >= 0.65) or CPU saturation (17.3% >= 0.82%)
20,26.55,S2,10,1010,0.7221,0.8794587935103126,16,TRIGGER_ADAPTATION,SCALE_UP,14,32,13.97915695515036,0.20685601398918427,16,32,1.25,High complexity (WCI=0.72 >= 0.65) or CPU saturation (14.0% >= 0.82%)
24,31.86,S2,10,1010,0.6863,0.8280531740921272,16,TRIGGER_ADAPTATION,ADJUST_PARAMETERS,16,32,6.694669802055523,0.23461271784581691,16,24,0.3,"Data intensity elevated (Dw=0.76 >= 0.7), throttling batch size"
28,36.22,S2,10,1010,0.6763,0.8320086854282865,16,TRIGGER_ADAPTATION,ADJUST_PARAMETERS,16,24,11.233708725509427,0.11696250502407862,16,16,0.3,"Data intensity elevated (Dw=0.80 >= 0.7), throttling batch size"
0,0,S2,11,1011,0.7081,0.7776598015304655,6,TRIGGER_ADAPTATION,SCALE_UP,4,32,42.44407174621499,0.313561388504613,6,32,1.25,High complexity (WCI=0.71 >= 0.65) or CPU saturation (42.4% >= 0.82%)
4,5.31,S2,11,1011,0.7149,0.8428125017784642,8,TRIGGER_ADAPTATION,SCALE_UP,6,32,30.501315723429666,0.3092464162522807,8,32,1.25,High complexity (WCI=0.71 >= 0.65) or CPU saturation (30.5% >= 0.82%)
8,10.62,S2,11,1011,0.6753,0.7897557842618932,10,TRIGGER_ADAPTATION,SCALE_UP,8,32,23.436364461943587,0.22215674187208484,10,32,1.25,High complexity (WCI=0.68 >= 0.65) or CPU saturation (23.4% >= 0.82%)
12,15.93,S2,11,1011,0.7144,0.8215316337655477,12,TRIGGER_ADAPTATION,SCALE_UP,10,32,18.937114748477686,0.24287236479741867,12,32,1.25,High complexity (WCI=0.71 >= 0.65) or CPU saturation (18.9% >= 0.82%)
16,21.24,S2,11,1011,0.6438,0.743612673089271,14,TRIGGER_ADAPTATION,SCALE_UP,12,32,14.220795283357605,0.1859941994839975,14,32,1.25,High complexity (WCI=0.64 >= 0.65) or CPU saturation (14.2% >= 0.82%)
20,26.55,S2,11,1011,0.7245,0.8845338039195325,16,TRIGGER_ADAPTATION,SCALE_UP,14,32,11.655938797064394,0.24416880454953463,16,32,1.25,High complexity (WCI=0.72 >= 0.65) or CPU saturation (11.7% >= 0.82%)
24,31.86,S2,11,1011,0.6709,0.8270624291081783,16,TRIGGER_ADAPTATION,ADJUST_PARAMETERS,16,32,5.619769389755773,0.1268092222573983,16,24,0.3,"Data intensity elevated (Dw=0.78 >= 0.7), throttling batch size"
28,36.22,S2,11,1011,0.7068,0.8232636072977765,16,TRIGGER_ADAPTATION,ADJUST_PARAMETERS,16,24,10.770510053727168,0.21776562982406134,16,16,0.3,"Data intensity elevated (Dw=0.84 >= 0.7), throttling batch size"
0,0,S2,12,1012,0.7177,0.8084634373116841,6,TRIGGER_ADAPTATION,SCALE_UP,4,32,36.918783856084886,0.37024364619965805,6,32,1.25,High complexity (WCI=0.72 >= 0.65) or CPU saturation (36.9% >= 0.82%)
4,5.31,S2,12,1012,0.6705,0.7821299737227554,8,TRIGGER_ADAPTATION,SCALE_UP,6,32,29.41747470293811,0.1736768108005931,8,32,1.25,High complexity (WCI=0.67 >= 0.65) or CPU saturation (29.4% >= 0.82%)
8,10.62,S2,12,1012,0.713,0.8422342122912089,10,TRIGGER_ADAPTATION,SCALE_UP,8,32,22.71617388083673,0.28209838769877443,10,32,1.25,High complexity (WCI=0.71 >= 0.65) or CPU saturation (22.7% >= 0.82%)
12,15.93,S2,12,1012,0.6779,0.8409246690590264,12,TRIGGER_ADAPTATION,SCALE_UP,10,32,10.50275103175402,0.18051654680532578,12,32,1.25,High complexity (WCI=0.68 >= 0.65) or CPU saturation (10.5% >= 0.82%)
16,21.24,S2,12,1012,0.67,0.8411346616798815,14,TRIGGER_ADAPTATION,SCALE_UP,12,32,11.440770305970913,0.16208366189235623,14,32,1.25,High complexity (WCI=0.67 >= 0.65) or CPU saturation (11.4% >= 0.82%)
20,26.55,S2,12,1012,0.7137,0.8772448330870888,16,TRIGGER_ADAPTATION,SCALE_UP,14,32,12.19035226621436,0.24228215033023653,16,32,1.25,High complexity (WCI=0.71 >= 0.65) or CPU saturation (12.2% >= 0.82%)
24,31.86,S2,12,1012,0.7205,0.859871679408001,16,TRIGGER_ADAPTATION,ADJUST_PARAMETERS,16,32,8.735069226070364,0.3085369705856199,16,24,0.3,"Data intensity elevated (Dw=0.78 >= 0.7), throttling batch size"
28,36.22,S2,12,1012,0.6674,0.8066917370712575,16,TRIGGER_ADAPTATION,ADJUST_PARAMETERS,16,24,11.220684090766913,0.15369131269178476,16,16,0.3,"Data intensity elevated (Dw=0.78 >= 0.7), throttling batch size"
0,0,S2,13,1013,0.7237,0.8687310920032182,6,TRIGGER_ADAPTATION,SCALE_UP,4,32,42.79766019863897,0.30096595822758787,6,32,1.25,High complexity (WCI=0.72 >= 0.65) or CPU saturation (42.8% >= 0.82%)
4,5.31,S2,13,1013,0.7147,0.8471000105199297,8,TRIGGER_ADAPTATION,SCALE_UP,6,32,29.764940017510927,0.24173676439137595,8,32,1.25,High complexity (WCI=0.71 >= 0.65) or CPU saturation (29.8% >= 0.82%)
8,10.62,S2,13,1013,0.6895,0.8287508528882933,10,TRIGGER_ADAPTATION,SCALE_UP,8,32,22.11681658301249,0.2120820471404361,10,32,1.25,High complexity (WCI=0.69 >= 0.65) or CPU saturation (22.1% >= 0.82%)
12,15.93,S2,13,1013,0.6887,0.8642636726218084,12,TRIGGER_ADAPTATION,SCALE_UP,10,32,14.116538094342612,0.15121737962115472,12,32,1.25,High complexity (WCI=0.69 >= 0.65) or CPU saturation (14.1% >= 0.82%)
16,21.24,S2,13,1013,0.6771,0.7991630487847009,14,TRIGGER_ADAPTATION,SCALE_UP,12,32,17.642621985789884,0.19268704755900826,14,32,1.25,High complexity (WCI=0.68 >= 0.65) or CPU saturation (17.6% >= 0.82%)
20,26.55,S2,13,1013,0.6796,0.8184814446933163,16,TRIGGER_ADAPTATION,SCALE_UP,14,32,12.976325705872105,0.13271844349587647,16,32,1.25,High complexity (WCI=0.68 >= 0.65) or CPU saturation (13.0% >= 0.82%)
24,31.86,S2,13,1013,0.6872,0.8124974237386688,16,TRIGGER_ADAPTATION,ADJUST_PARAMETERS,16,32,11.798782524209253,0.23632713644169567,16,24,0.3,"Data intensity elevated (Dw=0.78 >= 0.7), throttling batch size"
28,36.22,S2,13,1013,0.7107,0.8683028945541517,16,TRIGGER_ADAPTATION,ADJUST_PARAMETERS,16,24,13.034291920845481,0.2539605007855254,16,16,0.3,"Data intensity elevated (Dw=0.77 >= 0.7), throttling batch size"
0,0,S2,14,1014,0.7123,0.8479504127786083,6,TRIGGER_ADAPTATION,SCALE_UP,4,32,47.07944733467521,0.3019185695900773,6,32,1.25,High complexity (WCI=0.71 >= 0.65) or CPU saturation (47.1% >= 0.82%)
4,5.31,S2,14,1014,0.7711,1,8,TRIGGER_ADAPTATION,SCALE_UP,6,32,23.762512667087716,0.1782121210224767,8,32,1.25,High complexity (WCI=0.77 >= 0.65) or CPU saturation (23.8% >= 0.82%)
8,10.62,S2,14,1014,0.6738,0.7845344230789736,10,TRIGGER_ADAPTATION,SCALE_UP,8,32,25.02061302708204,0.20685562069861932,10,32,1.25,High complexity (WCI=0.67 >= 0.65) or CPU saturation (25.0% >= 0.82%)
12,15.93,S2,14,1014,0.7048,0.8371195441173823,12,TRIGGER_ADAPTATION,SCALE_UP,10,32,18.53624754483007,0.22792846903710204,12,32,1.25,High complexity (WCI=0.70 >= 0.65) or CPU saturation (18.5% >= 0.82%)
16,21.24,S2,14,1014,0.6952,0.8381234927072277,14,TRIGGER_ADAPTATION,SCALE_UP,12,32,13.735580556849431,0.23428654866343315,14,32,1.25,High complexity (WCI=0.70 >= 0.65) or CPU saturation (13.7% >= 0.82%)
20,26.55,S2,14,1014,0.7006,0.8091777075843016,16,TRIGGER_ADAPTATION,SCALE_UP,14,32,15.080053146787431,0.2753877554782522,16,32,1.25,High complexity (WCI=0.70 >= 0.65) or CPU saturation (15.1% >= 0.82%)
24,31.86,S2,14,1014,0.6636,0.8135668822911964,16,TRIGGER_ADAPTATION,ADJUST_PARAMETERS,16,32,11.596226787153876,0.13068281265722897,16,24,0.3,"Data intensity elevated (Dw=0.78 >= 0.7), throttling batch size"
28,36.22,S2,14,1014,0.623,0.7367606930468477,16,TRIGGER_ADAPTATION,ADJUST_PARAMETERS,16,24,8.975093785151717,0.09076249559419734,16,16,0.3,"Data intensity elevated (Dw=0.78 >= 0.7), throttling batch size"
0,0,S2,15,1015,0.6976,0.802755133073991,6,TRIGGER_ADAPTATION,SCALE_UP,4,32,45.74337016016443,0.30419918521652145,6,32,1.25,High complexity (WCI=0.70 >= 0.65) or CPU saturation (45.7% >= 0.82%)
4,5.31,S2,15,1015,0.6836,0.8374362363159505,8,TRIGGER_ADAPTATION,SCALE_UP,6,32,28.00685615187706,0.18444852053659982,8,32,1.25,High complexity (WCI=0.68 >= 0.65) or CPU saturation (28.0% >= 0.82%)
8,10.62,S2,15,1015,0.6672,0.796504804449271,10,TRIGGER_ADAPTATION,SCALE_UP,8,32,20.56999931747899,0.2023983948049755,10,32,1.25,High complexity (WCI=0.67 >= 0.65) or CPU saturation (20.6% >= 0.82%)
12,15.93,S2,15,1015,0.6596,0.7769598600627092,12,TRIGGER_ADAPTATION,SCALE_UP,10,32,19.576620686077806,0.21585779683398582,12,32,1.25,High complexity (WCI=0.66 >= 0.65) or CPU saturation (19.6% >= 0.82%)
16,21.24,S2,15,1015,0.6803,0.800432635421943,14,TRIGGER_ADAPTATION,SCALE_UP,12,32,18.405399310180222,0.22612431542740208,14,32,1.25,High complexity (WCI=0.68 >= 0.65) or CPU saturation (18.4% >= 0.82%)
20,26.55,S2,15,1015,0.6641,0.8065115247794488,16,TRIGGER_ADAPTATION,SCALE_UP,14,32,9.643892396795891,0.16885335153708797,16,32,1.25,High complexity (WCI=0.66 >= 0.65) or CPU saturation (9.6% >= 0.82%)
24,31.86,S2,15,1015,0.679,0.8574965447651859,16,TRIGGER_ADAPTATION,ADJUST_PARAMETERS,16,32,9.652441621619378,0.13237132592671103,16,24,0.3,"Data intensity elevated (Dw=0.76 >= 0.7), throttling batch size"
28,36.22,S2,15,1015,0.6315,0.7732043811671799,16,TRIGGER_ADAPTATION,ADJUST_PARAMETERS,16,24,13.007778221084255,0.09177131692323787,16,16,0.3,"Data intensity elevated (Dw=0.76 >= 0.7), throttling batch size"
0,0,S2,16,1016,0.7063,0.8671206051434996,6,TRIGGER_ADAPTATION,SCALE_UP,4,32,39.048034262260764,0.2166379955479203,6,32,1.25,High complexity (WCI=0.71 >= 0.65) or CPU saturation (39.0% >= 0.82%)
4,5.31,S2,16,1016,0.7101,0.8343777387698168,8,TRIGGER_ADAPTATION,SCALE_UP,6,32,31.999512246285068,0.24767693932459847,8,32,1.25,High complexity (WCI=0.71 >= 0.65) or CPU saturation (32.0% >= 0.82%)
8,10.62,S2,16,1016,0.7596,1,10,TRIGGER_ADAPTATION,SCALE_UP,8,32,17.03349763779185,0.1930390493652125,10,32,1.25,High complexity (WCI=0.76 >= 0.65) or CPU saturation (17.0% >= 0.82%)
12,15.93,S2,16,1016,0.6712,0.7901039583917049,12,TRIGGER_ADAPTATION,SCALE_UP,10,32,14.337992707363046,0.18562665307541937,12,32,1.25,High complexity (WCI=0.67 >= 0.65) or CPU saturation (14.3% >= 0.82%)
16,21.24,S2,16,1016,0.7048,0.8811912440275088,14,TRIGGER_ADAPTATION,SCALE_UP,12,32,14.215918795056314,0.18486720423869885,14,32,1.25,High complexity (WCI=0.70 >= 0.65) or CPU saturation (14.2% >= 0.82%)
20,26.55,S2,16,1016,0.7564,1,16,TRIGGER_ADAPTATION,SCALE_UP,14,32,9.718352413558714,0.18212366433049426,16,32,1.25,High complexity (WCI=0.76 >= 0.65) or CPU saturation (9.7% >= 0.82%)
24,31.86,S2,16,1016,0.6925,0.8259944914045858,16,TRIGGER_ADAPTATION,ADJUST_PARAMETERS,16,32,10.106357432104684,0.1979351090581567,16,24,0.3,"Data intensity elevated (Dw=0.80 >= 0.7), throttling batch size"
28,36.22,S2,16,1016,0.6678,0.8232805628561082,16,TRIGGER_ADAPTATION,ADJUST_PARAMETERS,16,24,10.317060897456859,0.227611793924131,16,16,0.3,"Data intensity elevated (Dw=0.72 >= 0.7), throttling batch size"
0,0,S2,17,1017,0.7199,0.8582615165074989,6,TRIGGER_ADAPTATION,SCALE_UP,4,32,54.78272030287161,0.2841724124806776,6,32,1.25,High complexity (WCI=0.72 >= 0.65) or CPU saturation (54.8% >= 0.82%)
4,5.31,S2,17,1017,0.6863,0.7947621570251655,8,TRIGGER_ADAPTATION,SCALE_UP,6,32,27.394198217757413,0.2513875968091488,8,32,1.25,High complexity (WCI=0.69 >= 0.65) or CPU saturation (27.4% >= 0.82%)
8,10.62,S2,17,1017,0.7749,1,10,TRIGGER_ADAPTATION,SCALE_UP,8,32,19.878857357276015,0.18392678130795162,10,32,1.25,High complexity (WCI=0.77 >= 0.65) or CPU saturation (19.9% >= 0.82%)
12,15.93,S2,17,1017,0.6637,0.8341399519223233,12,TRIGGER_ADAPTATION,SCALE_UP,10,32,20.74212752779787,0.10621489016589994,12,32,1.25,High complexity (WCI=0.66 >= 0.65) or CPU saturation (20.7% >= 0.82%)
16,21.24,S2,17,1017,0.7061,0.8423274253001087,14,TRIGGER_ADAPTATION,SCALE_UP,12,32,12.350231181083075,0.1731534493187057,14,32,1.25,High complexity (WCI=0.71 >= 0.65) or CPU saturation (12.4% >= 0.82%)
20,26.55,S2,17,1017,0.6568,0.8113239636204844,16,TRIGGER_ADAPTATION,SCALE_UP,14,32,11.014766526077455,0.15141163495479323,16,32,1.25,High complexity (WCI=0.66 >= 0.65) or CPU saturation (11.0% >= 0.82%)
24,31.86,S2,17,1017,0.6899,0.8372536982713796,16,TRIGGER_ADAPTATION,ADJUST_PARAMETERS,16,32,7.732575074730116,0.22371413473205792,16,24,0.3,"Data intensity elevated (Dw=0.77 >= 0.7), throttling batch size"
28,36.22,S2,17,1017,0.6679,0.7977234378168718,16,TRIGGER_ADAPTATION,ADJUST_PARAMETERS,16,24,9.916936020828315,0.18086534854538397,16,16,0.3,"Data intensity elevated (Dw=0.78 >= 0.7), throttling batch size"
0,0,S2,18,1018,0.6869,0.8018691708866502,6,TRIGGER_ADAPTATION,SCALE_UP,4,32,36.584230053982324,0.278303161428517,6,32,1.25,High complexity (WCI=0.69 >= 0.65) or CPU saturation (36.6% >= 0.82%)
4,5.31,S2,18,1018,0.6476,0.7579954389227606,8,TRIGGER_ADAPTATION,SCALE_UP,6,32,28.687829978321044,0.23125535855909704,8,32,1.25,High complexity (WCI=0.65 >= 0.65) or CPU saturation (28.7% >= 0.82%)
8,10.62,S2,18,1018,0.6857,0.8280938577837278,10,TRIGGER_ADAPTATION,SCALE_UP,8,32,19.340641702150094,0.1956119044559443,10,32,1.25,High complexity (WCI=0.69 >= 0.65) or CPU saturation (19.3% >= 0.82%)
12,15.93,S2,18,1018,0.7198,0.8705854489795074,12,TRIGGER_ADAPTATION,SCALE_UP,10,32,23.018478467962172,0.2475013036848168,12,32,1.25,High complexity (WCI=0.72 >= 0.65) or CPU saturation (23.0% >= 0.82%)
16,21.24,S2,18,1018,0.6757,0.8339191052234184,14,TRIGGER_ADAPTATION,SCALE_UP,12,32,15.122207439314053,0.16123036457043216,14,32,1.25,High complexity (WCI=0.68 >= 0.65) or CPU saturation (15.1% >= 0.82%)
20,26.55,S2,18,1018,0.7556,1,16,TRIGGER_ADAPTATION,SCALE_UP,14,32,10.383612796147492,0.14369463104883476,16,32,1.25,High complexity (WCI=0.76 >= 0.65) or CPU saturation (10.4% >= 0.82%)
24,31.86,S2,18,1018,0.6784,0.796353893618211,16,TRIGGER_ADAPTATION,ADJUST_PARAMETERS,16,32,8.456926158217092,0.21844679738828804,16,24,0.3,"Data intensity elevated (Dw=0.79 >= 0.7), throttling batch size"
28,36.22,S2,18,1018,0.6842,0.8546094797706367,16,TRIGGER_ADAPTATION,ADJUST_PARAMETERS,16,24,8.556484262158694,0.09615735481863666,16,16,0.3,"Data intensity elevated (Dw=0.80 >= 0.7), throttling batch size"
0,0,S2,19,1019,0.7328,0.8638637751203272,6,TRIGGER_ADAPTATION,SCALE_UP,4,32,41.795199704188214,0.3797909078627856,6,32,1.25,High complexity (WCI=0.73 >= 0.65) or CPU saturation (41.8% >= 0.82%)
4,5.31,S2,19,1019,0.785,1,8,TRIGGER_ADAPTATION,SCALE_UP,6,32,43.174418764779546,0.2900771522091069,8,32,1.25,High complexity (WCI=0.79 >= 0.65) or CPU saturation (43.2% >= 0.82%)
8,10.62,S2,19,1019,0.7662,1,10,TRIGGER_ADAPTATION,SCALE_UP,8,32,16.611699937032732,0.15977523218073275,10,32,1.25,High complexity (WCI=0.77 >= 0.65) or CPU saturation (16.6% >= 0.82%)
12,15.93,S2,19,1019,0.6574,0.7487930499266962,12,TRIGGER_ADAPTATION,SCALE_UP,10,32,13.255668398804946,0.23462105662778032,12,32,1.25,High complexity (WCI=0.66 >= 0.65) or CPU saturation (13.3% >= 0.82%)
16,21.24,S2,19,1019,0.7065,0.8239348139190344,14,TRIGGER_ADAPTATION,SCALE_UP,12,32,18.96185920539639,0.299414715120497,14,32,1.25,High complexity (WCI=0.71 >= 0.65) or CPU saturation (19.0% >= 0.82%)
20,26.55,S2,19,1019,0.6575,0.7787962611308406,16,TRIGGER_ADAPTATION,SCALE_UP,14,32,8.042003355257798,0.16774642436355183,16,32,1.25,High complexity (WCI=0.66 >= 0.65) or CPU saturation (8.0% >= 0.82%)
24,31.86,S2,19,1019,0.6791,0.7907007555789067,16,TRIGGER_ADAPTATION,ADJUST_PARAMETERS,16,32,11.290352000855048,0.2028641137147482,16,24,0.3,"Data intensity elevated (Dw=0.81 >= 0.7), throttling batch size"
28,36.22,S2,19,1019,0.6625,0.7768066170916919,16,TRIGGER_ADAPTATION,ADJUST_PARAMETERS,16,24,11.265547731620748,0.1695039694420784,16,16,0.3,"Data intensity elevated (Dw=0.80 >= 0.7), throttling batch size"
0,0,S2,20,1020,0.7861,1,6,TRIGGER_ADAPTATION,SCALE_UP,4,32,47.51999792792611,0.297132697229796,6,32,1.25,High complexity (WCI=0.79 >= 0.65) or CPU saturation (47.5% >= 0.82%)
4,5.31,S2,20,1020,0.6981,0.83668784985734,8,TRIGGER_ADAPTATION,SCALE_UP,6,32,29.46787146179658,0.26489624094586417,8,32,1.25,High complexity (WCI=0.70 >= 0.65) or CPU saturation (29.5% >= 0.82%)
8,10.62,S2,20,1020,0.7214,0.8225829463832769,10,TRIGGER_ADAPTATION,SCALE_UP,8,32,20.93726242800413,0.3581857826930144,10,32,1.25,High complexity (WCI=0.72 >= 0.65) or CPU saturation (20.9% >= 0.82%)
12,15.93,S2,20,1020,0.6835,0.8081184844739087,12,TRIGGER_ADAPTATION,SCALE_UP,10,32,16.632485268689468,0.2037203520602484,12,32,1.25,High complexity (WCI=0.68 >= 0.65) or CPU saturation (16.6% >= 0.82%)
16,21.24,S2,20,1020,0.7088,0.8757518955818153,14,TRIGGER_ADAPTATION,SCALE_UP,12,32,14.850727979237796,0.20762877281617725,14,32,1.25,High complexity (WCI=0.71 >= 0.65) or CPU saturation (14.9% >= 0.82%)
20,26.55,S2,20,1020,0.7622,1,16,TRIGGER_ADAPTATION,SCALE_UP,14,32,7.1618585489886115,0.2135855075238278,16,32,1.25,High complexity (WCI=0.76 >= 0.65) or CPU saturation (7.2% >= 0.82%)
24,31.86,S2,20,1020,0.6993,0.8470338047631198,16,TRIGGER_ADAPTATION,ADJUST_PARAMETERS,16,32,12.355142388916157,0.11073316194454642,16,24,0.3,"Data intensity elevated (Dw=0.85 >= 0.7), throttling batch size"
28,36.22,S2,20,1020,0.7138,0.904082576398924,16,TRIGGER_ADAPTATION,ADJUST_PARAMETERS,16,24,13.07763961706806,0.20940461598843788,16,16,0.3,"Data intensity elevated (Dw=0.76 >= 0.7), throttling batch size"
0,0,S2,21,1021,0.7118,0.8121502833503944,6,TRIGGER_ADAPTATION,SCALE_UP,4,32,46.63027492280609,0.31398220105767544,6,32,1.25,High complexity (WCI=0.71 >= 0.65) or CPU saturation (46.6% >= 0.82%)
4,5.31,S2,21,1021,0.7867,1,8,TRIGGER_ADAPTATION,SCALE_UP,6,32,30.197111746297402,0.24402817520494488,8,32,1.25,High complexity (WCI=0.79 >= 0.65) or CPU saturation (30.2% >= 0.82%)
8,10.62,S2,21,1021,0.6779,0.8115975742626137,10,TRIGGER_ADAPTATION,SCALE_UP,8,32,17.146983696121044,0.20428414287216637,10,32,1.25,High complexity (WCI=0.68 >= 0.65) or CPU saturation (17.1% >= 0.82%)
12,15.93,S2,21,1021,0.6939,0.8370559795575601,12,TRIGGER_ADAPTATION,SCALE_UP,10,32,18.334162984295624,0.22553924948707035,12,32,1.25,High complexity (WCI=0.69 >= 0.65) or CPU saturation (18.3% >= 0.82%)
16,21.24,S2,21,1021,0.6854,0.7974228758364391,14,TRIGGER_ADAPTATION,SCALE_UP,12,32,16.721168003819205,0.2506429988435432,14,32,1.25,High complexity (WCI=0.69 >= 0.65) or CPU saturation (16.7% >= 0.82%)
20,26.55,S2,21,1021,0.6798,0.8038178222349336,16,TRIGGER_ADAPTATION,SCALE_UP,14,32,16.347369921410127,0.18855334907858834,16,32,1.25,High complexity (WCI=0.68 >= 0.65) or CPU saturation (16.3% >= 0.82%)
24,31.86,S2,21,1021,0.6817,0.7800609527197433,16,TRIGGER_ADAPTATION,ADJUST_PARAMETERS,16,32,7.653774578192456,0.2184980198116748,16,24,0.3,"Data intensity elevated (Dw=0.82 >= 0.7), throttling batch size"
28,36.22,S2,21,1021,0.6732,0.7960808176466454,16,TRIGGER_ADAPTATION,ADJUST_PARAMETERS,16,24,11.707692183855919,0.16420255943198564,16,16,0.3,"Data intensity elevated (Dw=0.81 >= 0.7), throttling batch size"
0,0,S2,22,1022,0.7089,0.803150907828375,6,TRIGGER_ADAPTATION,SCALE_UP,4,32,42.329466673571964,0.3345146789596347,6,32,1.25,High complexity (WCI=0.71 >= 0.65) or CPU saturation (42.3% >= 0.82%)
4,5.31,S2,22,1022,0.6526,0.7758565816828336,8,TRIGGER_ADAPTATION,SCALE_UP,6,32,28.176835913697108,0.19740196894504303,8,32,1.25,High complexity (WCI=0.65 >= 0.65) or CPU saturation (28.2% >= 0.82%)
8,10.62,S2,22,1022,0.7111,0.823849670681111,10,TRIGGER_ADAPTATION,SCALE_UP,8,32,28.581019644173907,0.2845133992500283,10,32,1.25,High complexity (WCI=0.71 >= 0.65) or CPU saturation (28.6% >= 0.82%)
12,15.93,S2,22,1022,0.6917,0.8257022155934759,12,TRIGGER_ADAPTATION,SCALE_UP,10,32,17.896899260585023,0.20998844904155828,12,32,1.25,High complexity (WCI=0.69 >= 0.65) or CPU saturation (17.9% >= 0.82%)
16,21.24,S2,22,1022,0.6952,0.820182099570167,14,TRIGGER_ADAPTATION,SCALE_UP,12,32,16.841357413797393,0.2214657581370231,14,32,1.25,High complexity (WCI=0.70 >= 0.65) or CPU saturation (16.8% >= 0.82%)
20,26.55,S2,22,1022,0.7066,0.8323930464081581,16,TRIGGER_ADAPTATION,SCALE_UP,14,32,12.5039880524571,0.2519995960360571,16,32,1.25,High complexity (WCI=0.71 >= 0.65) or CPU saturation (12.5% >= 0.82%)
24,31.86,S2,22,1022,0.6838,0.7939846905318527,16,TRIGGER_ADAPTATION,ADJUST_PARAMETERS,16,32,12.163148769722257,0.24197743778511413,16,24,0.3,"Data intensity elevated (Dw=0.79 >= 0.7), throttling batch size"
28,36.22,S2,22,1022,0.7131,0.8678053056618756,16,TRIGGER_ADAPTATION,ADJUST_PARAMETERS,16,24,8.408218145850647,0.23754663577303178,16,16,0.3,"Data intensity elevated (Dw=0.79 >= 0.7), throttling batch size"
0,0,S2,23,1023,0.6936,0.8293516654515117,6,TRIGGER_ADAPTATION,SCALE_UP,4,32,34.956037989853925,0.24002320520654294,6,32,1.25,High complexity (WCI=0.69 >= 0.65) or CPU saturation (35.0% >= 0.82%)
4,5.31,S2,23,1023,0.7114,0.830666538016645,8,TRIGGER_ADAPTATION,SCALE_UP,6,32,31.504808563385932,0.3193765309674962,8,32,1.25,High complexity (WCI=0.71 >= 0.65) or CPU saturation (31.5% >= 0.82%)
8,10.62,S2,23,1023,0.6616,0.7742812383147433,10,TRIGGER_ADAPTATION,SCALE_UP,8,32,23.280151058937733,0.17345729059332088,10,32,1.25,High complexity (WCI=0.66 >= 0.65) or CPU saturation (23.3% >= 0.82%)
12,15.93,S2,23,1023,0.6842,0.8025485943958173,12,TRIGGER_ADAPTATION,SCALE_UP,10,32,16.450307745794184,0.1953187385712281,12,32,1.25,High complexity (WCI=0.68 >= 0.65) or CPU saturation (16.5% >= 0.82%)
16,21.24,S2,23,1023,0.6636,0.8178506301797028,14,TRIGGER_ADAPTATION,SCALE_UP,12,32,10.073259684826338,0.1700174783038438,14,32,1.25,High complexity (WCI=0.66 >= 0.65) or CPU saturation (10.1% >= 0.82%)
20,26.55,S2,23,1023,0.6826,0.8282289260699988,16,TRIGGER_ADAPTATION,SCALE_UP,14,32,10.485376409077517,0.18124963861344415,16,32,1.25,High complexity (WCI=0.68 >= 0.65) or CPU saturation (10.5% >= 0.82%)
24,31.86,S2,23,1023,0.6643,0.7845447441266116,16,TRIGGER_ADAPTATION,ADJUST_PARAMETERS,16,32,9.389925612715297,0.21366303681215834,16,24,0.3,"Data intensity elevated (Dw=0.77 >= 0.7), throttling batch size"
28,36.22,S2,23,1023,0.6704,0.8072494802009409,16,TRIGGER_ADAPTATION,ADJUST_PARAMETERS,16,24,10.387557722567857,0.1480957051044915,16,16,0.3,"Data intensity elevated (Dw=0.79 >= 0.7), throttling batch size"
0,0,S2,24,1024,0.6962,0.8197724479276495,6,TRIGGER_ADAPTATION,SCALE_UP,4,32,36.22129023289434,0.26421177161802617,6,32,1.25,High complexity (WCI=0.70 >= 0.65) or CPU saturation (36.2% >= 0.82%)
4,5.31,S2,24,1024,0.688,0.7999046345408547,8,TRIGGER_ADAPTATION,SCALE_UP,6,32,24.668101214355058,0.25574802512194106,8,32,1.25,High complexity (WCI=0.69 >= 0.65) or CPU saturation (24.7% >= 0.82%)
8,10.62,S2,24,1024,0.6942,0.8528910155638024,10,TRIGGER_ADAPTATION,SCALE_UP,8,32,21.916590914225615,0.18277250881314305,10,32,1.25,High complexity (WCI=0.69 >= 0.65) or CPU saturation (21.9% >= 0.82%)
12,15.93,S2,24,1024,0.6882,0.8418704296490183,12,TRIGGER_ADAPTATION,SCALE_UP,10,32,14.789220506233857,0.16561541331334992,12,32,1.25,High complexity (WCI=0.69 >= 0.65) or CPU saturation (14.8% >= 0.82%)
16,21.24,S2,24,1024,0.6915,0.8261822886999146,14,TRIGGER_ADAPTATION,SCALE_UP,12,32,15.694097518950223,0.19938961382290987,14,32,1.25,High complexity (WCI=0.69 >= 0.65) or CPU saturation (15.7% >= 0.82%)
20,26.55,S2,24,1024,0.6517,0.7730915174891961,16,TRIGGER_ADAPTATION,SCALE_UP,14,32,12.780229696269817,0.1844462705674367,16,32,1.25,High complexity (WCI=0.65 >= 0.65) or CPU saturation (12.8% >= 0.82%)
24,31.86,S2,24,1024,0.6932,0.8526225200002983,16,TRIGGER_ADAPTATION,ADJUST_PARAMETERS,16,32,10.465113175914146,0.17624084506239476,16,24,0.3,"Data intensity elevated (Dw=0.78 >= 0.7), throttling batch size"
28,36.22,S2,24,1024,0.6802,0.8093202592880462,16,TRIGGER_ADAPTATION,ADJUST_PARAMETERS,16,24,10.168827397683252,0.21650914108092928,16,16,0.3,"Data intensity elevated (Dw=0.78 >= 0.7), throttling batch size"
0,0,S2,25,1025,0.681,0.7969850488759233,6,TRIGGER_ADAPTATION,SCALE_UP,4,32,40.27308758979651,0.3062778098316734,6,32,1.25,High complexity (WCI=0.68 >= 0.65) or CPU saturation (40.3% >= 0.82%)
4,5.31,S2,25,1025,0.6952,0.8356811124183958,8,TRIGGER_ADAPTATION,SCALE_UP,6,32,32.41898710468667,0.22488467325687886,8,32,1.25,High complexity (WCI=0.70 >= 0.65) or CPU saturation (32.4% >= 0.82%)
8,10.62,S2,25,1025,0.7091,0.8397448944295061,10,TRIGGER_ADAPTATION,SCALE_UP,8,32,21.272165300459623,0.2856596113986833,10,32,1.25,High complexity (WCI=0.71 >= 0.65) or CPU saturation (21.3% >= 0.82%)
12,15.93,S2,25,1025,0.7115,0.8680508362383644,12,TRIGGER_ADAPTATION,SCALE_UP,10,32,15.07507529242831,0.24214241744999648,12,32,1.25,High complexity (WCI=0.71 >= 0.65) or CPU saturation (15.1% >= 0.82%)
16,21.24,S2,25,1025,0.6774,0.822826466741508,14,TRIGGER_ADAPTATION,SCALE_UP,12,32,15.139730623681915,0.21009135221827968,14,32,1.25,High complexity (WCI=0.68 >= 0.65) or CPU saturation (15.1% >= 0.82%)
20,26.55,S2,25,1025,0.704,0.853395438241817,16,TRIGGER_ADAPTATION,SCALE_UP,14,32,12.774100499224014,0.2466087929862404,16,32,1.25,High complexity (WCI=0.70 >= 0.65) or CPU saturation (12.8% >= 0.82%)
24,31.86,S2,25,1025,0.6882,0.7934555620681983,16,TRIGGER_ADAPTATION,ADJUST_PARAMETERS,16,32,10.343437740068198,0.244524454945689,16,24,0.3,"Data intensity elevated (Dw=0.81 >= 0.7), throttling batch size"
28,36.22,S2,25,1025,0.6707,0.811318222691147,16,TRIGGER_ADAPTATION,ADJUST_PARAMETERS,16,24,7.036631362081244,0.1142608744008368,16,16,0.3,"Data intensity elevated (Dw=0.81 >= 0.7), throttling batch size"
0,0,S2,26,1026,0.7311,0.8712797083726574,6,TRIGGER_ADAPTATION,SCALE_UP,4,32,39.16850328498471,0.27518596561227276,6,32,1.25,High complexity (WCI=0.73 >= 0.65) or CPU saturation (39.2% >= 0.82%)
4,5.31,S2,26,1026,0.687,0.8288362084320112,8,TRIGGER_ADAPTATION,SCALE_UP,6,32,29.39085053312041,0.22817085639534754,8,32,1.25,High complexity (WCI=0.69 >= 0.65) or CPU saturation (29.4% >= 0.82%)
8,10.62,S2,26,1026,0.6781,0.8096653103026745,10,TRIGGER_ADAPTATION,SCALE_UP,8,32,21.14019668858168,0.20746553499145792,10,32,1.25,High complexity (WCI=0.68 >= 0.65) or CPU saturation (21.1% >= 0.82%)
12,15.93,S2,26,1026,0.6809,0.8009280995906097,12,TRIGGER_ADAPTATION,SCALE_UP,10,32,27.26651221041298,0.2734792548477644,12,32,1.25,High complexity (WCI=0.68 >= 0.65) or CPU saturation (27.3% >= 0.82%)
16,21.24,S2,26,1026,0.6838,0.826096191194435,14,TRIGGER_ADAPTATION,SCALE_UP,12,32,11.937772679386295,0.21557973024465343,14,32,1.25,High complexity (WCI=0.68 >= 0.65) or CPU saturation (11.9% >= 0.82%)
20,26.55,S2,26,1026,0.7012,0.8306657844774525,16,TRIGGER_ADAPTATION,SCALE_UP,14,32,9.773368537443641,0.2336574856947359,16,32,1.25,High complexity (WCI=0.70 >= 0.65) or CPU saturation (9.8% >= 0.82%)
24,31.86,S2,26,1026,0.6769,0.8272002554837996,16,TRIGGER_ADAPTATION,ADJUST_PARAMETERS,16,32,9.369370150042124,0.1552096888511756,16,24,0.3,"Data intensity elevated (Dw=0.78 >= 0.7), throttling batch size"
28,36.22,S2,26,1026,0.6562,0.8010117975841766,16,TRIGGER_ADAPTATION,ADJUST_PARAMETERS,16,24,8.281633528471753,0.14519495289971646,16,16,0.3,"Data intensity elevated (Dw=0.76 >= 0.7), throttling batch size"
0,0,S2,27,1027,0.7271,0.8405478014760696,6,TRIGGER_ADAPTATION,SCALE_UP,4,32,52.00279389148164,0.3781673919219551,6,32,1.25,High complexity (WCI=0.73 >= 0.65) or CPU saturation (52.0% >= 0.82%)
4,5.31,S2,27,1027,0.6811,0.7877895530213357,8,TRIGGER_ADAPTATION,SCALE_UP,6,32,31.445837670907594,0.23955481458839406,8,32,1.25,High complexity (WCI=0.68 >= 0.65) or CPU saturation (31.4% >= 0.82%)
8,10.62,S2,27,1027,0.6716,0.825159256737839,10,TRIGGER_ADAPTATION,SCALE_UP,8,32,19.77550288121193,0.13224292977571264,10,32,1.25,High complexity (WCI=0.67 >= 0.65) or CPU saturation (19.8% >= 0.82%)
12,15.93,S2,27,1027,0.6649,0.8151473053586771,12,TRIGGER_ADAPTATION,SCALE_UP,10,32,21.598393555611935,0.1322201592892575,12,32,1.25,High complexity (WCI=0.66 >= 0.65) or CPU saturation (21.6% >= 0.82%)
16,21.24,S2,27,1027,0.6784,0.8159544027208615,14,TRIGGER_ADAPTATION,SCALE_UP,12,32,14.431009889164164,0.19716963751079833,14,32,1.25,High complexity (WCI=0.68 >= 0.65) or CPU saturation (14.4% >= 0.82%)
20,26.55,S2,27,1027,0.6714,0.7827250254494496,16,TRIGGER_ADAPTATION,SCALE_UP,14,32,13.25770516228426,0.224628731612369,16,32,1.25,High complexity (WCI=0.67 >= 0.65) or CPU saturation (13.3% >= 0.82%)
24,31.86,S2,27,1027,0.6822,0.82686257625651,16,TRIGGER_ADAPTATION,ADJUST_PARAMETERS,16,32,14.832124856448099,0.18101535764488355,16,24,0.3,"Data intensity elevated (Dw=0.78 >= 0.7), throttling batch size"
28,36.22,S2,27,1027,0.6597,0.780025690126828,16,TRIGGER_ADAPTATION,ADJUST_PARAMETERS,16,24,9.823793813920142,0.17037762536002923,16,16,0.3,"Data intensity elevated (Dw=0.78 >= 0.7), throttling batch size"
0,0,S2,28,1028,0.7073,0.7905161149332957,6,TRIGGER_ADAPTATION,SCALE_UP,4,32,39.02223840942658,0.31386308515840927,6,32,1.25,High complexity (WCI=0.71 >= 0.65) or CPU saturation (39.0% >= 0.82%)
4,5.31,S2,28,1028,0.6858,0.7820878470599224,8,TRIGGER_ADAPTATION,SCALE_UP,6,32,30.3632447461176,0.24157974115717157,8,32,1.25,High complexity (WCI=0.69 >= 0.65) or CPU saturation (30.4% >= 0.82%)
8,10.62,S2,28,1028,0.6816,0.8340476988761096,10,TRIGGER_ADAPTATION,SCALE_UP,8,32,19.15331737706623,0.19627432354787816,10,32,1.25,High complexity (WCI=0.68 >= 0.65) or CPU saturation (19.2% >= 0.82%)
12,15.93,S2,28,1028,0.692,0.8121269678676092,12,TRIGGER_ADAPTATION,SCALE_UP,10,32,13.78294477331683,0.2060548886563738,12,32,1.25,High complexity (WCI=0.69 >= 0.65) or CPU saturation (13.8% >= 0.82%)
16,21.24,S2,28,1028,0.6758,0.8052115586474539,14,TRIGGER_ADAPTATION,SCALE_UP,12,32,11.10765961374665,0.18365031850543712,14,32,1.25,High complexity (WCI=0.68 >= 0.65) or CPU saturation (11.1% >= 0.82%)
20,26.55,S2,28,1028,0.7008,0.8354623090133918,16,TRIGGER_ADAPTATION,SCALE_UP,14,32,9.397954458680438,0.23180264725231092,16,32,1.25,High complexity (WCI=0.70 >= 0.65) or CPU saturation (9.4% >= 0.82%)
24,31.86,S2,28,1028,0.7147,0.8701960167385039,16,TRIGGER_ADAPTATION,ADJUST_PARAMETERS,16,32,12.01942611515506,0.21786765237172293,16,24,0.3,"Data intensity elevated (Dw=0.80 >= 0.7), throttling batch size"
28,36.22,S2,28,1028,0.6967,0.8448636841789261,16,TRIGGER_ADAPTATION,ADJUST_PARAMETERS,16,24,10.774983597285923,0.1664128019194754,16,16,0.3,"Data intensity elevated (Dw=0.81 >= 0.7), throttling batch size"
0,0,S2,29,1029,0.7204,0.8265309559098308,6,TRIGGER_ADAPTATION,SCALE_UP,4,32,39.189584718396276,0.39024806439420645,6,32,1.25,High complexity (WCI=0.72 >= 0.65) or CPU saturation (39.2% >= 0.82%)
4,5.31,S2,29,1029,0.6945,0.8010940429510618,8,TRIGGER_ADAPTATION,SCALE_UP,6,32,36.13621474509113,0.28599582098425147,8,32,1.25,High complexity (WCI=0.69 >= 0.65) or CPU saturation (36.1% >= 0.82%)
8,10.62,S2,29,1029,0.6977,0.8098720751750006,10,TRIGGER_ADAPTATION,SCALE_UP,8,32,22.610360614911563,0.27813054287844474,10,32,1.25,High complexity (WCI=0.70 >= 0.65) or CPU saturation (22.6% >= 0.82%)
12,15.93,S2,29,1029,0.7119,0.8686775318820606,12,TRIGGER_ADAPTATION,SCALE_UP,10,32,21.43839702285498,0.19276568750825945,12,32,1.25,High complexity (WCI=0.71 >= 0.65) or CPU saturation (21.4% >= 0.82%)
16,21.24,S2,29,1029,0.675,0.8084928705745406,14,TRIGGER_ADAPTATION,SCALE_UP,12,32,16.4727764491791,0.15710508354449895,14,32,1.25,High complexity (WCI=0.68 >= 0.65) or CPU saturation (16.5% >= 0.82%)
20,26.55,S2,29,1029,0.6927,0.8486410570969375,16,TRIGGER_ADAPTATION,SCALE_UP,14,32,16.797499922408164,0.21454883688236576,16,32,1.25,High complexity (WCI=0.69 >= 0.65) or CPU saturation (16.8% >= 0.82%)
24,31.86,S2,29,1029,0.696,0.8242611180602598,16,TRIGGER_ADAPTATION,ADJUST_PARAMETERS,16,32,12.506771191673668,0.24493743818106842,16,24,0.3,"Data intensity elevated (Dw=0.79 >= 0.7), throttling batch size"
28,36.22,S2,29,1029,0.6676,0.8119763613126146,16,TRIGGER_ADAPTATION,ADJUST_PARAMETERS,16,24,6.8845639828486345,0.14187828912847794,16,16,0.3,"Data intensity elevated (Dw=0.78 >= 0.7), throttling batch size"
0,0,S2,30,1030,0.7182,0.8226654171430252,6,TRIGGER_ADAPTATION,SCALE_UP,4,32,45.3885135021773,0.36402735513846135,6,32,1.25,High complexity (WCI=0.72 >= 0.65) or CPU saturation (45.4% >= 0.82%)
4,5.31,S2,30,1030,0.6792,0.7993314985811606,8,TRIGGER_ADAPTATION,SCALE_UP,6,32,27.47096702036242,0.22834073451143255,8,32,1.25,High complexity (WCI=0.68 >= 0.65) or CPU saturation (27.5% >= 0.82%)
8,10.62,S2,30,1030,0.6982,0.7931935300657491,10,TRIGGER_ADAPTATION,SCALE_UP,8,32,20.14010973646649,0.24786823749262618,10,32,1.25,High complexity (WCI=0.70 >= 0.65) or CPU saturation (20.1% >= 0.82%)
12,15.93,S2,30,1030,0.7158,0.8534074767579992,12,TRIGGER_ADAPTATION,SCALE_UP,10,32,13.17200937008085,0.2483091882074936,12,32,1.25,High complexity (WCI=0.72 >= 0.65) or CPU saturation (13.2% >= 0.82%)
16,21.24,S2,30,1030,0.6483,0.7830416322435945,14,TRIGGER_ADAPTATION,SCALE_UP,12,32,11.349807131664132,0.15798431442882765,14,32,1.25,High complexity (WCI=0.65 >= 0.65) or CPU saturation (11.3% >= 0.82%)
20,26.55,S2,30,1030,0.6844,0.8070596501679613,16,TRIGGER_ADAPTATION,SCALE_UP,14,32,8.173553535071134,0.22082877317462732,16,32,1.25,High complexity (WCI=0.68 >= 0.65) or CPU saturation (8.2% >= 0.82%)
24,31.86,S2,30,1030,0.6953,0.8294500961160781,16,TRIGGER_ADAPTATION,ADJUST_PARAMETERS,16,32,9.875592645549872,0.18508713679847016,16,24,0.3,"Data intensity elevated (Dw=0.81 >= 0.7), throttling batch size"
28,36.22,S2,30,1030,0.7129,0.8458997095298865,16,TRIGGER_ADAPTATION,ADJUST_PARAMETERS,16,24,7.123322776838748,0.2411723347757938,16,16,0.3,"Data intensity elevated (Dw=0.81 >= 0.7), throttling batch size"
0,0,S3,1,1001,0.2147,0.22892126183769673,6,TRIGGER_ADAPTATION,SCALE_UP,4,32,14.06020920459691,0.16874829782495387,6,32,1.25,High complexity (WCI=0.21 >= 0.65) or CPU saturation (14.1% >= 0.82%)
4,5.31,S3,1,1001,0.178,0.1891680474416419,8,TRIGGER_ADAPTATION,SCALE_UP,6,32,7.022732345222321,0.14482811581752167,8,32,1.25,High complexity (WCI=0.18 >= 0.65) or CPU saturation (7.0% >= 0.82%)
8,10.62,S3,1,1001,0.1848,0.21113115585151482,10,TRIGGER_ADAPTATION,SCALE_UP,8,32,7.935756334209635,0.12406030136148297,10,32,1.25,High complexity (WCI=0.18 >= 0.65) or CPU saturation (7.9% >= 0.82%)
12,15.93,S3,1,1001,0.1877,0.18131071653974873,12,TRIGGER_ADAPTATION,SCALE_UP,10,32,5,0.1715334890073872,12,32,1.25,High complexity (WCI=0.19 >= 0.65) or CPU saturation (5.0% >= 0.82%)
16,21.24,S3,1,1001,0.1992,0.22671897519538484,14,TRIGGER_ADAPTATION,SCALE_UP,12,32,5,0.18561292990567413,14,32,1.25,High complexity (WCI=0.20 >= 0.65) or CPU saturation (5.0% >= 0.82%)
20,26.55,S3,1,1001,0.2125,0.2048119081202737,16,TRIGGER_ADAPTATION,SCALE_UP,14,32,5,0.2384109052754718,16,32,1.25,High complexity (WCI=0.21 >= 0.65) or CPU saturation (5.0% >= 0.82%)
58,66.37,S3,1,1001,0.7201,0.8314017221660984,16,TRIGGER_ADAPTATION,ADJUST_PARAMETERS,16,32,10.001174412684916,0.19054659980498126,16,24,0.3,"Data intensity elevated (Dw=0.88 >= 0.7), throttling batch size"
62,70.73,S3,1,1001,0.7588,0.9475705513570023,16,TRIGGER_ADAPTATION,ADJUST_PARAMETERS,16,24,10.743519211856015,0.24277435237359207,16,16,0.3,"Data intensity elevated (Dw=0.81 >= 0.7), throttling batch size"
0,0,S3,2,1002,0.1792,0.1752729744763398,6,TRIGGER_ADAPTATION,SCALE_UP,4,32,6.89759235617944,0.16740493193278685,6,32,1.25,High complexity (WCI=0.18 >= 0.65) or CPU saturation (6.9% >= 0.82%)
4,5.31,S3,2,1002,0.1983,0.16590574845482034,8,TRIGGER_ADAPTATION,SCALE_UP,6,32,7.499825712603809,0.25802807880576945,8,32,1.25,High complexity (WCI=0.20 >= 0.65) or CPU saturation (7.5% >= 0.82%)
8,10.62,S3,2,1002,0.1968,0.1928069426917918,10,TRIGGER_ADAPTATION,SCALE_UP,8,32,5,0.19158996874435513,10,32,1.25,High complexity (WCI=0.20 >= 0.65) or CPU saturation (5.0% >= 0.82%)
12,15.93,S3,2,1002,0.2043,0.23220149379948443,12,TRIGGER_ADAPTATION,SCALE_UP,10,32,8.192079532059042,0.14132957686936062,12,32,1.25,High complexity (WCI=0.20 >= 0.65) or CPU saturation (8.2% >= 0.82%)
16,21.24,S3,2,1002,0.2269,0.25967551353940405,14,TRIGGER_ADAPTATION,SCALE_UP,12,32,5,0.16123291123634445,14,32,1.25,High complexity (WCI=0.23 >= 0.65) or CPU saturation (5.0% >= 0.82%)
20,26.55,S3,2,1002,0.2283,0.2595608653315256,16,TRIGGER_ADAPTATION,SCALE_UP,14,32,5,0.1806273225663763,16,32,1.25,High complexity (WCI=0.23 >= 0.65) or CPU saturation (5.0% >= 0.82%)
58,66.37,S3,2,1002,0.7236,0.8548426214898753,16,TRIGGER_ADAPTATION,ADJUST_PARAMETERS,16,32,10.639596324332896,0.1888516967612182,16,24,0.3,"Data intensity elevated (Dw=0.86 >= 0.7), throttling batch size"
62,70.73,S3,2,1002,0.7161,0.8574161910231279,16,TRIGGER_ADAPTATION,ADJUST_PARAMETERS,16,24,14.578220190176436,0.169881391246617,16,16,0.3,"Data intensity elevated (Dw=0.85 >= 0.7), throttling batch size"
0,0,S3,3,1003,0.2268,0.21698637486800926,6,TRIGGER_ADAPTATION,SCALE_UP,4,32,14.6807605451291,0.29592916964020954,6,32,1.25,High complexity (WCI=0.23 >= 0.65) or CPU saturation (14.7% >= 0.82%)
4,5.31,S3,3,1003,0.1986,0.18916646322123828,8,TRIGGER_ADAPTATION,SCALE_UP,6,32,9.448073407397201,0.22658710448990638,8,32,1.25,High complexity (WCI=0.20 >= 0.65) or CPU saturation (9.4% >= 0.82%)
8,10.62,S3,3,1003,0.2102,0.21898013244275738,10,TRIGGER_ADAPTATION,SCALE_UP,8,32,8.12638420056941,0.14304338523568033,10,32,1.25,High complexity (WCI=0.21 >= 0.65) or CPU saturation (8.1% >= 0.82%)
12,15.93,S3,3,1003,0.2402,0.2729641218819805,12,TRIGGER_ADAPTATION,SCALE_UP,10,32,5,0.21756262570490892,12,32,1.25,High complexity (WCI=0.24 >= 0.65) or CPU saturation (5.0% >= 0.82%)
16,21.24,S3,3,1003,0.2021,0.23568410183973512,14,TRIGGER_ADAPTATION,SCALE_UP,12,32,6.494610517146122,0.1606088045622606,14,32,1.25,High complexity (WCI=0.20 >= 0.65) or CPU saturation (6.5% >= 0.82%)
20,26.55,S3,3,1003,0.177,0.1820271644458124,16,TRIGGER_ADAPTATION,SCALE_UP,14,32,5,0.11279338539626124,16,32,1.25,High complexity (WCI=0.18 >= 0.65) or CPU saturation (5.0% >= 0.82%)
58,66.37,S3,3,1003,0.7052,0.8711970590999012,16,TRIGGER_ADAPTATION,ADJUST_PARAMETERS,16,32,9.309232150495179,0.10745424180781298,16,24,0.3,"Data intensity elevated (Dw=0.83 >= 0.7), throttling batch size"
62,70.73,S3,3,1003,0.7967,1,16,TRIGGER_ADAPTATION,ADJUST_PARAMETERS,16,24,16.334488336894616,0.2067743988767431,16,16,0.3,"Data intensity elevated (Dw=0.87 >= 0.7), throttling batch size"
0,0,S3,4,1004,0.1966,0.22502122327644375,6,TRIGGER_ADAPTATION,SCALE_UP,4,32,7.768706775487175,0.1653609762550039,6,32,1.25,High complexity (WCI=0.20 >= 0.65) or CPU saturation (7.8% >= 0.82%)
4,5.31,S3,4,1004,0.206,0.23377976856008675,8,TRIGGER_ADAPTATION,SCALE_UP,6,32,7.268297463794866,0.1768265163943487,8,32,1.25,High complexity (WCI=0.21 >= 0.65) or CPU saturation (7.3% >= 0.82%)
8,10.62,S3,4,1004,0.1841,0.18365797365927022,10,TRIGGER_ADAPTATION,SCALE_UP,8,32,5,0.14548839706099584,10,32,1.25,High complexity (WCI=0.18 >= 0.65) or CPU saturation (5.0% >= 0.82%)
12,15.93,S3,4,1004,0.2084,0.22602564057039756,12,TRIGGER_ADAPTATION,SCALE_UP,10,32,5.98392141218603,0.15033057968710384,12,32,1.25,High complexity (WCI=0.21 >= 0.65) or CPU saturation (6.0% >= 0.82%)
16,21.24,S3,4,1004,0.2062,0.2155165754561332,14,TRIGGER_ADAPTATION,SCALE_UP,12,32,5,0.19801793560468017,14,32,1.25,High complexity (WCI=0.21 >= 0.65) or CPU saturation (5.0% >= 0.82%)
20,26.55,S3,4,1004,0.187,0.1852528131788438,16,TRIGGER_ADAPTATION,SCALE_UP,14,32,5,0.17058696946237598,16,32,1.25,High complexity (WCI=0.19 >= 0.65) or CPU saturation (5.0% >= 0.82%)
58,66.37,S3,4,1004,0.7185,0.8578873577130562,16,TRIGGER_ADAPTATION,ADJUST_PARAMETERS,16,32,8.459635647269073,0.21333641479323218,16,24,0.3,"Data intensity elevated (Dw=0.83 >= 0.7), throttling batch size"
62,70.73,S3,4,1004,0.7296,0.9019113243516859,16,TRIGGER_ADAPTATION,ADJUST_PARAMETERS,16,24,12.36050521711425,0.1565449692480011,16,16,0.3,"Data intensity elevated (Dw=0.84 >= 0.7), throttling batch size"
0,0,S3,5,1005,0.222,0.2386110869952968,6,TRIGGER_ADAPTATION,SCALE_UP,4,32,15.46886503571289,0.24927129010822646,6,32,1.25,High complexity (WCI=0.22 >= 0.65) or CPU saturation (15.5% >= 0.82%)
4,5.31,S3,5,1005,0.1866,0.18896378615296688,8,TRIGGER_ADAPTATION,SCALE_UP,6,32,5.467639311457765,0.14658737116417841,8,32,1.25,High complexity (WCI=0.19 >= 0.65) or CPU saturation (5.5% >= 0.82%)
8,10.62,S3,5,1005,0.2038,0.17412508196292373,10,TRIGGER_ADAPTATION,SCALE_UP,8,32,12.195857961591335,0.20658173499196325,10,32,1.25,High complexity (WCI=0.20 >= 0.65) or CPU saturation (12.2% >= 0.82%)
12,15.93,S3,5,1005,0.1918,0.22609722902246718,12,TRIGGER_ADAPTATION,SCALE_UP,10,32,5.254367707397957,0.11331786139504632,12,32,1.25,High complexity (WCI=0.19 >= 0.65) or CPU saturation (5.3% >= 0.82%)
16,21.24,S3,5,1005,0.179,0.19603599159425728,14,TRIGGER_ADAPTATION,SCALE_UP,12,32,5.664344398143119,0.11909400626194168,14,32,1.25,High complexity (WCI=0.18 >= 0.65) or CPU saturation (5.7% >= 0.82%)
20,26.55,S3,5,1005,0.2299,0.24128619172188037,16,TRIGGER_ADAPTATION,SCALE_UP,14,32,5,0.21884662481034275,16,32,1.25,High complexity (WCI=0.23 >= 0.65) or CPU saturation (5.0% >= 0.82%)
58,66.37,S3,5,1005,0.6829,0.7881128146135163,16,TRIGGER_ADAPTATION,ADJUST_PARAMETERS,16,32,10.363866266831003,0.16074047264518576,16,24,0.3,"Data intensity elevated (Dw=0.85 >= 0.7), throttling batch size"
62,70.73,S3,5,1005,0.7821,1,16,TRIGGER_ADAPTATION,ADJUST_PARAMETERS,16,24,11.853779688924,0.20399684235431165,16,16,0.3,"Data intensity elevated (Dw=0.83 >= 0.7), throttling batch size"
0,0,S3,6,1006,0.2709,0.2868332153947675,6,TRIGGER_ADAPTATION,SCALE_UP,4,32,14.191149412540149,0.26583689834929325,6,32,1.25,High complexity (WCI=0.27 >= 0.65) or CPU saturation (14.2% >= 0.82%)
4,5.31,S3,6,1006,0.204,0.21498867514451617,8,TRIGGER_ADAPTATION,SCALE_UP,6,32,8.441355594958395,0.19419478995286582,8,32,1.25,High complexity (WCI=0.20 >= 0.65) or CPU saturation (8.4% >= 0.82%)
8,10.62,S3,6,1006,0.2054,0.22564365707887046,10,TRIGGER_ADAPTATION,SCALE_UP,8,32,5,0.15288468155620208,10,32,1.25,High complexity (WCI=0.21 >= 0.65) or CPU saturation (5.0% >= 0.82%)
12,15.93,S3,6,1006,0.1891,0.20440093859263297,12,TRIGGER_ADAPTATION,SCALE_UP,10,32,5,0.1358190484781145,12,32,1.25,High complexity (WCI=0.19 >= 0.65) or CPU saturation (5.0% >= 0.82%)
16,21.24,S3,6,1006,0.1947,0.23477991074123983,14,TRIGGER_ADAPTATION,SCALE_UP,12,32,5.882586642808187,0.18898599813981637,14,32,1.25,High complexity (WCI=0.19 >= 0.65) or CPU saturation (5.9% >= 0.82%)
20,26.55,S3,6,1006,0.2286,0.25746305241521983,16,TRIGGER_ADAPTATION,SCALE_UP,14,32,5,0.20273057225249297,16,32,1.25,High complexity (WCI=0.23 >= 0.65) or CPU saturation (5.0% >= 0.82%)
58,66.37,S3,6,1006,0.7427,0.8962614584697386,16,TRIGGER_ADAPTATION,ADJUST_PARAMETERS,16,32,14.304159818550385,0.18022527133739752,16,24,0.3,"Data intensity elevated (Dw=0.87 >= 0.7), throttling batch size"
62,70.73,S3,6,1006,0.7449,0.8925300864392153,16,TRIGGER_ADAPTATION,ADJUST_PARAMETERS,16,24,12.480221460085827,0.17075480717883462,16,16,0.3,"Data intensity elevated (Dw=0.88 >= 0.7), throttling batch size"
0,0,S3,7,1007,0.1899,0.20709700678918622,6,TRIGGER_ADAPTATION,SCALE_UP,4,32,9.73588387463655,0.11578617874970705,6,32,1.25,High complexity (WCI=0.19 >= 0.65) or CPU saturation (9.7% >= 0.82%)
4,5.31,S3,7,1007,0.1925,0.18474666166650547,8,TRIGGER_ADAPTATION,SCALE_UP,6,32,9.206579090541442,0.18512952091145765,8,32,1.25,High complexity (WCI=0.19 >= 0.65) or CPU saturation (9.2% >= 0.82%)
8,10.62,S3,7,1007,0.192,0.21381927346983876,10,TRIGGER_ADAPTATION,SCALE_UP,8,32,5.013866112151208,0.13314574483138827,10,32,1.25,High complexity (WCI=0.19 >= 0.65) or CPU saturation (5.0% >= 0.82%)
12,15.93,S3,7,1007,0.1882,0.19606629426158925,12,TRIGGER_ADAPTATION,SCALE_UP,10,32,5,0.1680490832727222,12,32,1.25,High complexity (WCI=0.19 >= 0.65) or CPU saturation (5.0% >= 0.82%)
16,21.24,S3,7,1007,0.1969,0.18809557502508475,14,TRIGGER_ADAPTATION,SCALE_UP,12,32,5,0.16483892667168584,14,32,1.25,High complexity (WCI=0.20 >= 0.65) or CPU saturation (5.0% >= 0.82%)
20,26.55,S3,7,1007,0.2114,0.22149279294888066,16,TRIGGER_ADAPTATION,SCALE_UP,14,32,6.488162536861987,0.17049238662266283,16,32,1.25,High complexity (WCI=0.21 >= 0.65) or CPU saturation (6.5% >= 0.82%)
58,66.37,S3,7,1007,0.7582,0.9167492627965603,16,TRIGGER_ADAPTATION,ADJUST_PARAMETERS,16,32,10.656698677509072,0.17077968791152204,16,24,0.3,"Data intensity elevated (Dw=0.89 >= 0.7), throttling batch size"
62,70.73,S3,7,1007,0.7436,0.8729441801146014,16,TRIGGER_ADAPTATION,ADJUST_PARAMETERS,16,24,14.49657807724316,0.21617423685823753,16,16,0.3,"Data intensity elevated (Dw=0.88 >= 0.7), throttling batch size"
0,0,S3,8,1008,0.1982,0.19095899054415444,6,TRIGGER_ADAPTATION,SCALE_UP,4,32,11.010600882158531,0.21434348490207483,6,32,1.25,High complexity (WCI=0.20 >= 0.65) or CPU saturation (11.0% >= 0.82%)
4,5.31,S3,8,1008,0.1948,0.2107866790236766,8,TRIGGER_ADAPTATION,SCALE_UP,6,32,6.5212287362979,0.11124709101469189,8,32,1.25,High complexity (WCI=0.19 >= 0.65) or CPU saturation (6.5% >= 0.82%)
8,10.62,S3,8,1008,0.202,0.1928776251756211,10,TRIGGER_ADAPTATION,SCALE_UP,8,32,5,0.16464611091648268,10,32,1.25,High complexity (WCI=0.20 >= 0.65) or CPU saturation (5.0% >= 0.82%)
12,15.93,S3,8,1008,0.1884,0.1932914473737607,12,TRIGGER_ADAPTATION,SCALE_UP,10,32,5,0.12257394066043001,12,32,1.25,High complexity (WCI=0.19 >= 0.65) or CPU saturation (5.0% >= 0.82%)
16,21.24,S3,8,1008,0.199,0.2276929602999306,14,TRIGGER_ADAPTATION,SCALE_UP,12,32,5.827341390111251,0.10954271837005758,14,32,1.25,High complexity (WCI=0.20 >= 0.65) or CPU saturation (5.8% >= 0.82%)
20,26.55,S3,8,1008,0.2029,0.18866759761393848,16,TRIGGER_ADAPTATION,SCALE_UP,14,32,5,0.2299773408718228,16,32,1.25,High complexity (WCI=0.20 >= 0.65) or CPU saturation (5.0% >= 0.82%)
58,66.37,S3,8,1008,0.7296,0.8740445210133048,16,TRIGGER_ADAPTATION,ADJUST_PARAMETERS,16,32,11.273335835662056,0.17140000541208994,16,24,0.3,"Data intensity elevated (Dw=0.86 >= 0.7), throttling batch size"
62,70.73,S3,8,1008,0.7191,0.8677912054242914,16,TRIGGER_ADAPTATION,ADJUST_PARAMETERS,16,24,14.459740509954742,0.18139900408393095,16,16,0.3,"Data intensity elevated (Dw=0.84 >= 0.7), throttling batch size"
0,0,S3,9,1009,0.2003,0.20560312431884248,6,TRIGGER_ADAPTATION,SCALE_UP,4,32,15.641938841107548,0.18646279264491417,6,32,1.25,High complexity (WCI=0.20 >= 0.65) or CPU saturation (15.6% >= 0.82%)
4,5.31,S3,9,1009,0.1516,0.1198929328641153,8,TRIGGER_ADAPTATION,SCALE_UP,6,32,7.233349936281671,0.18353270539747313,8,32,1.25,High complexity (WCI=0.15 >= 0.65) or CPU saturation (7.2% >= 0.82%)
8,10.62,S3,9,1009,0.1983,0.2332909554399084,10,TRIGGER_ADAPTATION,SCALE_UP,8,32,9.51949024543709,0.1438082223151194,10,32,1.25,High complexity (WCI=0.20 >= 0.65) or CPU saturation (9.5% >= 0.82%)
12,15.93,S3,9,1009,0.1989,0.1820355262809044,12,TRIGGER_ADAPTATION,SCALE_UP,10,32,5,0.21568009509768005,12,32,1.25,High complexity (WCI=0.20 >= 0.65) or CPU saturation (5.0% >= 0.82%)
16,21.24,S3,9,1009,0.2149,0.23847344387313685,14,TRIGGER_ADAPTATION,SCALE_UP,12,32,5,0.21753719935154123,14,32,1.25,High complexity (WCI=0.21 >= 0.65) or CPU saturation (5.0% >= 0.82%)
20,26.55,S3,9,1009,0.2074,0.19257972184605865,16,TRIGGER_ADAPTATION,SCALE_UP,14,32,5.2973178909105165,0.20131399770754804,16,32,1.25,High complexity (WCI=0.21 >= 0.65) or CPU saturation (5.3% >= 0.82%)
58,66.37,S3,9,1009,0.7097,0.8252584965468005,16,TRIGGER_ADAPTATION,ADJUST_PARAMETERS,16,32,10.641626471635341,0.13076334348499105,16,24,0.3,"Data intensity elevated (Dw=0.89 >= 0.7), throttling batch size"
62,70.73,S3,9,1009,0.747,0.9100109232082352,16,TRIGGER_ADAPTATION,ADJUST_PARAMETERS,16,24,15.748822074290095,0.15666687085161884,16,16,0.3,"Data intensity elevated (Dw=0.87 >= 0.7), throttling batch size"
0,0,S3,10,1010,0.2049,0.20961072846844425,6,TRIGGER_ADAPTATION,SCALE_UP,4,32,13.68904562256592,0.2191509537250339,6,32,1.25,High complexity (WCI=0.20 >= 0.65) or CPU saturation (13.7% >= 0.82%)
4,5.31,S3,10,1010,0.2139,0.24726870724340946,8,TRIGGER_ADAPTATION,SCALE_UP,6,32,6.667311070132981,0.14351888764875526,8,32,1.25,High complexity (WCI=0.21 >= 0.65) or CPU saturation (6.7% >= 0.82%)
8,10.62,S3,10,1010,0.2172,0.23899042564596307,10,TRIGGER_ADAPTATION,SCALE_UP,8,32,7.997722567049475,0.2233025729944012,10,32,1.25,High complexity (WCI=0.22 >= 0.65) or CPU saturation (8.0% >= 0.82%)
12,15.93,S3,10,1010,0.219,0.24450259611157482,12,TRIGGER_ADAPTATION,SCALE_UP,10,32,5.091838585716126,0.1718771061923896,12,32,1.25,High complexity (WCI=0.22 >= 0.65) or CPU saturation (5.1% >= 0.82%)
16,21.24,S3,10,1010,0.202,0.22884580712239055,14,TRIGGER_ADAPTATION,SCALE_UP,12,32,5,0.1409323590804475,14,32,1.25,High complexity (WCI=0.20 >= 0.65) or CPU saturation (5.0% >= 0.82%)
20,26.55,S3,10,1010,0.2113,0.20662900219243557,16,TRIGGER_ADAPTATION,SCALE_UP,14,32,5,0.22597702730462868,16,32,1.25,High complexity (WCI=0.21 >= 0.65) or CPU saturation (5.0% >= 0.82%)
58,66.37,S3,10,1010,0.7078,0.8385634568886953,16,TRIGGER_ADAPTATION,ADJUST_PARAMETERS,16,32,14.929143235811127,0.14220292723309966,16,24,0.3,"Data intensity elevated (Dw=0.86 >= 0.7), throttling batch size"
62,70.73,S3,10,1010,0.7786,1,16,TRIGGER_ADAPTATION,ADJUST_PARAMETERS,16,24,13.790947842311322,0.19651334907695248,16,16,0.3,"Data intensity elevated (Dw=0.83 >= 0.7), throttling batch size"
0,0,S3,11,1011,0.3138,0.457552449302867,6,TRIGGER_ADAPTATION,SCALE_UP,4,32,10.262361183047073,0.1345295912930156,6,32,1.25,High complexity (WCI=0.31 >= 0.65) or CPU saturation (10.3% >= 0.82%)
4,5.31,S3,11,1011,0.2056,0.22332742114893875,8,TRIGGER_ADAPTATION,SCALE_UP,6,32,10.875894497611508,0.16347031625432784,8,32,1.25,High complexity (WCI=0.21 >= 0.65) or CPU saturation (10.9% >= 0.82%)
8,10.62,S3,11,1011,0.186,0.20543208390626308,10,TRIGGER_ADAPTATION,SCALE_UP,8,32,5,0.11465577697284979,10,32,1.25,High complexity (WCI=0.19 >= 0.65) or CPU saturation (5.0% >= 0.82%)
12,15.93,S3,11,1011,0.1876,0.2007324925752904,12,TRIGGER_ADAPTATION,SCALE_UP,10,32,5,0.13470298875206901,12,32,1.25,High complexity (WCI=0.19 >= 0.65) or CPU saturation (5.0% >= 0.82%)
16,21.24,S3,11,1011,0.1907,0.19418446189465272,14,TRIGGER_ADAPTATION,SCALE_UP,12,32,6.503064449086843,0.12801700880672998,14,32,1.25,High complexity (WCI=0.19 >= 0.65) or CPU saturation (6.5% >= 0.82%)
20,26.55,S3,11,1011,0.2287,0.21830055942708462,16,TRIGGER_ADAPTATION,SCALE_UP,14,32,5,0.2772147867168638,16,32,1.25,High complexity (WCI=0.23 >= 0.65) or CPU saturation (5.0% >= 0.82%)
58,66.37,S3,11,1011,0.7465,0.8878800813995865,16,TRIGGER_ADAPTATION,ADJUST_PARAMETERS,16,32,10.736512808052513,0.27053652635461645,16,24,0.3,"Data intensity elevated (Dw=0.84 >= 0.7), throttling batch size"
62,70.73,S3,11,1011,0.7044,0.8540239644989249,16,TRIGGER_ADAPTATION,ADJUST_PARAMETERS,16,24,14.172337288902936,0.08526099676921432,16,16,0.3,"Data intensity elevated (Dw=0.87 >= 0.7), throttling batch size"
0,0,S3,12,1012,0.2248,0.2239100501046512,6,TRIGGER_ADAPTATION,SCALE_UP,4,32,12.655089168504954,0.22601207190858943,6,32,1.25,High complexity (WCI=0.22 >= 0.65) or CPU saturation (12.7% >= 0.82%)
4,5.31,S3,12,1012,0.2255,0.21630040334978934,8,TRIGGER_ADAPTATION,SCALE_UP,6,32,6.393532463635516,0.2869085785466523,8,32,1.25,High complexity (WCI=0.23 >= 0.65) or CPU saturation (6.4% >= 0.82%)
8,10.62,S3,12,1012,0.1852,0.18703292287858575,10,TRIGGER_ADAPTATION,SCALE_UP,8,32,5,0.15805887371800953,10,32,1.25,High complexity (WCI=0.19 >= 0.65) or CPU saturation (5.0% >= 0.82%)
12,15.93,S3,12,1012,0.2071,0.23332004385884547,12,TRIGGER_ADAPTATION,SCALE_UP,10,32,5.278045657251916,0.12736633089049598,12,32,1.25,High complexity (WCI=0.21 >= 0.65) or CPU saturation (5.3% >= 0.82%)
16,21.24,S3,12,1012,0.1956,0.2194371196068087,14,TRIGGER_ADAPTATION,SCALE_UP,12,32,5.757487993736928,0.1675982890476001,14,32,1.25,High complexity (WCI=0.20 >= 0.65) or CPU saturation (5.8% >= 0.82%)
20,26.55,S3,12,1012,0.1913,0.1807491150284141,16,TRIGGER_ADAPTATION,SCALE_UP,14,32,5,0.21624139441949902,16,32,1.25,High complexity (WCI=0.19 >= 0.65) or CPU saturation (5.0% >= 0.82%)
58,66.37,S3,12,1012,0.7491,0.8893653200180822,16,TRIGGER_ADAPTATION,ADJUST_PARAMETERS,16,32,8.185085227538819,0.19537757121216626,16,24,0.3,"Data intensity elevated (Dw=0.89 >= 0.7), throttling batch size"
62,70.73,S3,12,1012,0.7055,0.8526043106606869,16,TRIGGER_ADAPTATION,ADJUST_PARAMETERS,16,24,12.472628352498782,0.1763308741618865,16,16,0.3,"Data intensity elevated (Dw=0.82 >= 0.7), throttling batch size"
0,0,S3,13,1013,0.2056,0.2022701985824188,6,TRIGGER_ADAPTATION,SCALE_UP,4,32,13.489040108394388,0.16696891617598356,6,32,1.25,High complexity (WCI=0.21 >= 0.65) or CPU saturation (13.5% >= 0.82%)
4,5.31,S3,13,1013,0.2027,0.20232587217198642,8,TRIGGER_ADAPTATION,SCALE_UP,6,32,9.146735073380853,0.2059725143904454,8,32,1.25,High complexity (WCI=0.20 >= 0.65) or CPU saturation (9.1% >= 0.82%)
8,10.62,S3,13,1013,0.2051,0.1893337504928603,10,TRIGGER_ADAPTATION,SCALE_UP,8,32,9.504822938764024,0.22296897947801472,10,32,1.25,High complexity (WCI=0.21 >= 0.65) or CPU saturation (9.5% >= 0.82%)
12,15.93,S3,13,1013,0.2049,0.2276426117676757,12,TRIGGER_ADAPTATION,SCALE_UP,10,32,6.932755227133934,0.17867105762337362,12,32,1.25,High complexity (WCI=0.20 >= 0.65) or CPU saturation (6.9% >= 0.82%)
16,21.24,S3,13,1013,0.1962,0.21454325212994652,14,TRIGGER_ADAPTATION,SCALE_UP,12,32,5,0.15865119847799497,14,32,1.25,High complexity (WCI=0.20 >= 0.65) or CPU saturation (5.0% >= 0.82%)
20,26.55,S3,13,1013,0.1838,0.21214164705971425,16,TRIGGER_ADAPTATION,SCALE_UP,14,32,5,0.07639401441205082,16,32,1.25,High complexity (WCI=0.18 >= 0.65) or CPU saturation (5.0% >= 0.82%)
58,66.37,S3,13,1013,0.7547,0.9217173014731582,16,TRIGGER_ADAPTATION,ADJUST_PARAMETERS,16,32,9.77190369346074,0.20659263405536546,16,24,0.3,"Data intensity elevated (Dw=0.85 >= 0.7), throttling batch size"
62,70.73,S3,13,1013,0.7214,0.8808942681647659,16,TRIGGER_ADAPTATION,ADJUST_PARAMETERS,16,24,12.828507388506392,0.1602776480453627,16,16,0.3,"Data intensity elevated (Dw=0.84 >= 0.7), throttling batch size"
0,0,S3,14,1014,0.2136,0.2385675048224007,6,TRIGGER_ADAPTATION,SCALE_UP,4,32,12.01370929114803,0.17524405262376544,6,32,1.25,High complexity (WCI=0.21 >= 0.65) or CPU saturation (12.0% >= 0.82%)
4,5.31,S3,14,1014,0.2123,0.23596330586470238,8,TRIGGER_ADAPTATION,SCALE_UP,6,32,8.671448056038143,0.1649422906556237,8,32,1.25,High complexity (WCI=0.21 >= 0.65) or CPU saturation (8.7% >= 0.82%)
8,10.62,S3,14,1014,0.1924,0.21256924800629043,10,TRIGGER_ADAPTATION,SCALE_UP,8,32,7.095755537569354,0.14844775243454644,10,32,1.25,High complexity (WCI=0.19 >= 0.65) or CPU saturation (7.1% >= 0.82%)
12,15.93,S3,14,1014,0.1887,0.18936146757954578,12,TRIGGER_ADAPTATION,SCALE_UP,10,32,6.360450061579871,0.15012918029142688,12,32,1.25,High complexity (WCI=0.19 >= 0.65) or CPU saturation (6.4% >= 0.82%)
16,21.24,S3,14,1014,0.2105,0.2271478390817465,14,TRIGGER_ADAPTATION,SCALE_UP,12,32,5,0.16381185782240792,14,32,1.25,High complexity (WCI=0.21 >= 0.65) or CPU saturation (5.0% >= 0.82%)
20,26.55,S3,14,1014,0.2235,0.23275646038683417,16,TRIGGER_ADAPTATION,SCALE_UP,14,32,5,0.14308289806648317,16,32,1.25,High complexity (WCI=0.22 >= 0.65) or CPU saturation (5.0% >= 0.82%)
58,66.37,S3,14,1014,0.7424,0.8884865852865136,16,TRIGGER_ADAPTATION,ADJUST_PARAMETERS,16,32,10.195478839523384,0.2033724465385728,16,24,0.3,"Data intensity elevated (Dw=0.86 >= 0.7), throttling batch size"
62,70.73,S3,14,1014,0.7359,0.8731576753872015,16,TRIGGER_ADAPTATION,ADJUST_PARAMETERS,16,24,11.3428745453381,0.16354332762702395,16,16,0.3,"Data intensity elevated (Dw=0.89 >= 0.7), throttling batch size"
0,0,S3,15,1015,0.1991,0.19419095726521013,6,TRIGGER_ADAPTATION,SCALE_UP,4,32,17.020725691017276,0.18537188264085774,6,32,1.25,High complexity (WCI=0.20 >= 0.65) or CPU saturation (17.0% >= 0.82%)
4,5.31,S3,15,1015,0.212,0.21073461880021296,8,TRIGGER_ADAPTATION,SCALE_UP,6,32,12.368461869430943,0.21396525112820497,8,32,1.25,High complexity (WCI=0.21 >= 0.65) or CPU saturation (12.4% >= 0.82%)
8,10.62,S3,15,1015,0.2207,0.22731562875422723,10,TRIGGER_ADAPTATION,SCALE_UP,8,32,5,0.22906670399580167,10,32,1.25,High complexity (WCI=0.22 >= 0.65) or CPU saturation (5.0% >= 0.82%)
12,15.93,S3,15,1015,0.2067,0.2175708171557559,12,TRIGGER_ADAPTATION,SCALE_UP,10,32,7.62986031850939,0.20544460364443196,12,32,1.25,High complexity (WCI=0.21 >= 0.65) or CPU saturation (7.6% >= 0.82%)
16,21.24,S3,15,1015,0.2406,0.3046939265258478,14,TRIGGER_ADAPTATION,SCALE_UP,12,32,6.625062586624318,0.14827643567946466,14,32,1.25,High complexity (WCI=0.24 >= 0.65) or CPU saturation (6.6% >= 0.82%)
20,26.55,S3,15,1015,0.2089,0.22025005306000375,16,TRIGGER_ADAPTATION,SCALE_UP,14,32,5,0.1717085102837856,16,32,1.25,High complexity (WCI=0.21 >= 0.65) or CPU saturation (5.0% >= 0.82%)
58,66.37,S3,15,1015,0.7469,0.9177671214077006,16,TRIGGER_ADAPTATION,ADJUST_PARAMETERS,16,32,11.383363931864139,0.17941609725525215,16,24,0.3,"Data intensity elevated (Dw=0.85 >= 0.7), throttling batch size"
62,70.73,S3,15,1015,0.7429,0.9196135808838846,16,TRIGGER_ADAPTATION,ADJUST_PARAMETERS,16,24,16.05696992572426,0.17261177663879912,16,16,0.3,"Data intensity elevated (Dw=0.84 >= 0.7), throttling batch size"
0,0,S3,16,1016,0.2281,0.252407573582346,6,TRIGGER_ADAPTATION,SCALE_UP,4,32,14.207133896409315,0.18925682250362139,6,32,1.25,High complexity (WCI=0.23 >= 0.65) or CPU saturation (14.2% >= 0.82%)
4,5.31,S3,16,1016,0.2029,0.23111752967373614,8,TRIGGER_ADAPTATION,SCALE_UP,6,32,11.03398578264813,0.18869093260071673,8,32,1.25,High complexity (WCI=0.20 >= 0.65) or CPU saturation (11.0% >= 0.82%)
8,10.62,S3,16,1016,0.2053,0.22267795737344118,10,TRIGGER_ADAPTATION,SCALE_UP,8,32,5,0.19799543072212955,10,32,1.25,High complexity (WCI=0.21 >= 0.65) or CPU saturation (5.0% >= 0.82%)
12,15.93,S3,16,1016,0.1972,0.2258864701780516,12,TRIGGER_ADAPTATION,SCALE_UP,10,32,9.38259898940027,0.1500656047288841,12,32,1.25,High complexity (WCI=0.20 >= 0.65) or CPU saturation (9.4% >= 0.82%)
16,21.24,S3,16,1016,0.2041,0.20515924168443753,14,TRIGGER_ADAPTATION,SCALE_UP,12,32,7.308535428956787,0.1667874792544658,14,32,1.25,High complexity (WCI=0.20 >= 0.65) or CPU saturation (7.3% >= 0.82%)
20,26.55,S3,16,1016,0.1975,0.2267172331476143,16,TRIGGER_ADAPTATION,SCALE_UP,14,32,5,0.10673800156709706,16,32,1.25,High complexity (WCI=0.20 >= 0.65) or CPU saturation (5.0% >= 0.82%)
58,66.37,S3,16,1016,0.7261,0.8542808498259941,16,TRIGGER_ADAPTATION,ADJUST_PARAMETERS,16,32,10.4046214282694,0.19727743108189247,16,24,0.3,"Data intensity elevated (Dw=0.86 >= 0.7), throttling batch size"
62,70.73,S3,16,1016,0.7898,1,16,TRIGGER_ADAPTATION,ADJUST_PARAMETERS,16,24,11.410209802202898,0.21750202298163535,16,16,0.3,"Data intensity elevated (Dw=0.85 >= 0.7), throttling batch size"
0,0,S3,17,1017,0.1939,0.19796453491746735,6,TRIGGER_ADAPTATION,SCALE_UP,4,32,12.470414146351585,0.15436762706802218,6,32,1.25,High complexity (WCI=0.19 >= 0.65) or CPU saturation (12.5% >= 0.82%)
4,5.31,S3,17,1017,0.2267,0.24708353320855383,8,TRIGGER_ADAPTATION,SCALE_UP,6,32,8.90538009405316,0.18179405520739253,8,32,1.25,High complexity (WCI=0.23 >= 0.65) or CPU saturation (8.9% >= 0.82%)
8,10.62,S3,17,1017,0.22,0.2539574482673534,10,TRIGGER_ADAPTATION,SCALE_UP,8,32,5.435748518095191,0.21662678035175126,10,32,1.25,High complexity (WCI=0.22 >= 0.65) or CPU saturation (5.4% >= 0.82%)
12,15.93,S3,17,1017,0.1932,0.2048488439699034,12,TRIGGER_ADAPTATION,SCALE_UP,10,32,6.986603511090821,0.12552627355162238,12,32,1.25,High complexity (WCI=0.19 >= 0.65) or CPU saturation (7.0% >= 0.82%)
16,21.24,S3,17,1017,0.1984,0.20777406815845761,14,TRIGGER_ADAPTATION,SCALE_UP,12,32,5.688028943484562,0.1305300995845941,14,32,1.25,High complexity (WCI=0.20 >= 0.65) or CPU saturation (5.7% >= 0.82%)
20,26.55,S3,17,1017,0.2206,0.26374644786061574,16,TRIGGER_ADAPTATION,SCALE_UP,14,32,5,0.15775887400050956,16,32,1.25,High complexity (WCI=0.22 >= 0.65) or CPU saturation (5.0% >= 0.82%)
58,66.37,S3,17,1017,0.7397,0.8857838711413544,16,TRIGGER_ADAPTATION,ADJUST_PARAMETERS,16,32,13.024792714133019,0.20235883255005768,16,24,0.3,"Data intensity elevated (Dw=0.86 >= 0.7), throttling batch size"
62,70.73,S3,17,1017,0.7087,0.8386709637320152,16,TRIGGER_ADAPTATION,ADJUST_PARAMETERS,16,24,12.990358209350342,0.1673586983077571,16,16,0.3,"Data intensity elevated (Dw=0.85 >= 0.7), throttling batch size"
0,0,S3,18,1018,0.2276,0.22757478570546355,6,TRIGGER_ADAPTATION,SCALE_UP,4,32,19.90751897431134,0.21810958339207023,6,32,1.25,High complexity (WCI=0.23 >= 0.65) or CPU saturation (19.9% >= 0.82%)
4,5.31,S3,18,1018,0.2226,0.238794697235066,8,TRIGGER_ADAPTATION,SCALE_UP,6,32,5.910534278138348,0.2247933418614637,8,32,1.25,High complexity (WCI=0.22 >= 0.65) or CPU saturation (5.9% >= 0.82%)
8,10.62,S3,18,1018,0.1587,0.14892817939448827,10,TRIGGER_ADAPTATION,SCALE_UP,8,32,5.010520131600412,0.1348962096885772,10,32,1.25,High complexity (WCI=0.16 >= 0.65) or CPU saturation (5.0% >= 0.82%)
12,15.93,S3,18,1018,0.194,0.19939291720912028,12,TRIGGER_ADAPTATION,SCALE_UP,10,32,5,0.18218733574311458,12,32,1.25,High complexity (WCI=0.19 >= 0.65) or CPU saturation (5.0% >= 0.82%)
16,21.24,S3,18,1018,0.1869,0.19917019496028812,14,TRIGGER_ADAPTATION,SCALE_UP,12,32,5,0.07651312363726799,14,32,1.25,High complexity (WCI=0.19 >= 0.65) or CPU saturation (5.0% >= 0.82%)
20,26.55,S3,18,1018,0.2076,0.21939320054798758,16,TRIGGER_ADAPTATION,SCALE_UP,14,32,5,0.15931635353098098,16,32,1.25,High complexity (WCI=0.21 >= 0.65) or CPU saturation (5.0% >= 0.82%)
58,66.37,S3,18,1018,0.7372,0.8979464114551741,16,TRIGGER_ADAPTATION,ADJUST_PARAMETERS,16,32,10.82019128484496,0.1636010958151845,16,24,0.3,"Data intensity elevated (Dw=0.86 >= 0.7), throttling batch size"
62,70.73,S3,18,1018,0.7327,0.8845566502546838,16,TRIGGER_ADAPTATION,ADJUST_PARAMETERS,16,24,16.986991024696263,0.22805983687928838,16,16,0.3,"Data intensity elevated (Dw=0.83 >= 0.7), throttling batch size"
0,0,S3,19,1019,0.211,0.22672770361771255,6,TRIGGER_ADAPTATION,SCALE_UP,4,32,7.830893609541034,0.1564869175368275,6,32,1.25,High complexity (WCI=0.21 >= 0.65) or CPU saturation (7.8% >= 0.82%)
4,5.31,S3,19,1019,0.1931,0.2027275730110255,8,TRIGGER_ADAPTATION,SCALE_UP,6,32,8.02159584551215,0.16874441435895626,8,32,1.25,High complexity (WCI=0.19 >= 0.65) or CPU saturation (8.0% >= 0.82%)
8,10.62,S3,19,1019,0.199,0.23003452154447038,10,TRIGGER_ADAPTATION,SCALE_UP,8,32,5,0.08625265314346967,10,32,1.25,High complexity (WCI=0.20 >= 0.65) or CPU saturation (5.0% >= 0.82%)
12,15.93,S3,19,1019,0.2008,0.2155697959243719,12,TRIGGER_ADAPTATION,SCALE_UP,10,32,5,0.16855946507253938,12,32,1.25,High complexity (WCI=0.20 >= 0.65) or CPU saturation (5.0% >= 0.82%)
16,21.24,S3,19,1019,0.2148,0.25647317893945637,14,TRIGGER_ADAPTATION,SCALE_UP,12,32,5,0.14346208766417398,14,32,1.25,High complexity (WCI=0.21 >= 0.65) or CPU saturation (5.0% >= 0.82%)
20,26.55,S3,19,1019,0.1821,0.20407827022511066,16,TRIGGER_ADAPTATION,SCALE_UP,14,32,5,0.13685604517016184,16,32,1.25,High complexity (WCI=0.18 >= 0.65) or CPU saturation (5.0% >= 0.82%)
58,66.37,S3,19,1019,0.7324,0.8681168317052272,16,TRIGGER_ADAPTATION,ADJUST_PARAMETERS,16,32,17.165791496045244,0.2550612234176107,16,24,0.3,"Data intensity elevated (Dw=0.83 >= 0.7), throttling batch size"
62,70.73,S3,19,1019,0.7237,0.8610575649712275,16,TRIGGER_ADAPTATION,ADJUST_PARAMETERS,16,24,10.089002716030738,0.21578860985725504,16,16,0.3,"Data intensity elevated (Dw=0.84 >= 0.7), throttling batch size"
0,0,S3,20,1020,0.2027,0.22310605004436265,6,TRIGGER_ADAPTATION,SCALE_UP,4,32,11.593856973615635,0.1575661408406624,6,32,1.25,High complexity (WCI=0.20 >= 0.65) or CPU saturation (11.6% >= 0.82%)
4,5.31,S3,20,1020,0.2057,0.21358429505107526,8,TRIGGER_ADAPTATION,SCALE_UP,6,32,5,0.1961283744083958,8,32,1.25,High complexity (WCI=0.21 >= 0.65) or CPU saturation (5.0% >= 0.82%)
8,10.62,S3,20,1020,0.196,0.18722247797499106,10,TRIGGER_ADAPTATION,SCALE_UP,8,32,5,0.18266653329528448,10,32,1.25,High complexity (WCI=0.20 >= 0.65) or CPU saturation (5.0% >= 0.82%)
12,15.93,S3,20,1020,0.208,0.19878861242286117,12,TRIGGER_ADAPTATION,SCALE_UP,10,32,5,0.2050827027992939,12,32,1.25,High complexity (WCI=0.21 >= 0.65) or CPU saturation (5.0% >= 0.82%)
16,21.24,S3,20,1020,0.2168,0.2238731100273204,14,TRIGGER_ADAPTATION,SCALE_UP,12,32,5,0.23052713919860543,14,32,1.25,High complexity (WCI=0.22 >= 0.65) or CPU saturation (5.0% >= 0.82%)
20,26.55,S3,20,1020,0.1825,0.198460509777214,16,TRIGGER_ADAPTATION,SCALE_UP,14,32,5,0.10254923296483344,16,32,1.25,High complexity (WCI=0.18 >= 0.65) or CPU saturation (5.0% >= 0.82%)
58,66.37,S3,20,1020,0.7264,0.870923384456306,16,TRIGGER_ADAPTATION,ADJUST_PARAMETERS,16,32,15.852708668129797,0.1635630647916258,16,24,0.3,"Data intensity elevated (Dw=0.86 >= 0.7), throttling batch size"
62,70.73,S3,20,1020,0.766,1,16,TRIGGER_ADAPTATION,ADJUST_PARAMETERS,16,24,11.598069873022379,0.15223015366715145,16,16,0.3,"Data intensity elevated (Dw=0.82 >= 0.7), throttling batch size"
0,0,S3,21,1021,0.1842,0.20701053720610463,6,TRIGGER_ADAPTATION,SCALE_UP,4,32,15.997073061205288,0.1487715061782059,6,32,1.25,High complexity (WCI=0.18 >= 0.65) or CPU saturation (16.0% >= 0.82%)
4,5.31,S3,21,1021,0.2289,0.25427292865002254,8,TRIGGER_ADAPTATION,SCALE_UP,6,32,12.366655226670773,0.20740985474062182,8,32,1.25,High complexity (WCI=0.23 >= 0.65) or CPU saturation (12.4% >= 0.82%)
8,10.62,S3,21,1021,0.1798,0.19389496731818492,10,TRIGGER_ADAPTATION,SCALE_UP,8,32,5,0.14301484466357953,10,32,1.25,High complexity (WCI=0.18 >= 0.65) or CPU saturation (5.0% >= 0.82%)
12,15.93,S3,21,1021,0.195,0.21884239083460916,12,TRIGGER_ADAPTATION,SCALE_UP,10,32,6.807442613738168,0.15964918660378158,12,32,1.25,High complexity (WCI=0.20 >= 0.65) or CPU saturation (6.8% >= 0.82%)
16,21.24,S3,21,1021,0.2199,0.2412478147999786,14,TRIGGER_ADAPTATION,SCALE_UP,12,32,5,0.21339010730014754,14,32,1.25,High complexity (WCI=0.22 >= 0.65) or CPU saturation (5.0% >= 0.82%)
20,26.55,S3,21,1021,0.1656,0.1699764566378028,16,TRIGGER_ADAPTATION,SCALE_UP,14,32,5,0.15299502447074154,16,32,1.25,High complexity (WCI=0.17 >= 0.65) or CPU saturation (5.0% >= 0.82%)
58,66.37,S3,21,1021,0.7197,0.8811544572973445,16,TRIGGER_ADAPTATION,ADJUST_PARAMETERS,16,32,11.884242190039988,0.16634322842260088,16,24,0.3,"Data intensity elevated (Dw=0.83 >= 0.7), throttling batch size"
62,70.73,S3,21,1021,0.6947,0.8075997740676794,16,TRIGGER_ADAPTATION,ADJUST_PARAMETERS,16,24,13.046000125458795,0.1761681117707898,16,16,0.3,"Data intensity elevated (Dw=0.85 >= 0.7), throttling batch size"
0,0,S3,22,1022,0.2137,0.2027446221792047,6,TRIGGER_ADAPTATION,SCALE_UP,4,32,14.479065651372085,0.24703623460770463,6,32,1.25,High complexity (WCI=0.21 >= 0.65) or CPU saturation (14.5% >= 0.82%)
4,5.31,S3,22,1022,0.1967,0.20585120413710778,8,TRIGGER_ADAPTATION,SCALE_UP,6,32,14.223421828998864,0.19722130382136882,8,32,1.25,High complexity (WCI=0.20 >= 0.65) or CPU saturation (14.2% >= 0.82%)
8,10.62,S3,22,1022,0.3075,0.4518492938592107,10,TRIGGER_ADAPTATION,SCALE_UP,8,32,5.326933189168637,0.16059308297068992,10,32,1.25,High complexity (WCI=0.31 >= 0.65) or CPU saturation (5.3% >= 0.82%)
12,15.93,S3,22,1022,0.1915,0.22495026168101206,12,TRIGGER_ADAPTATION,SCALE_UP,10,32,5,0.12796469323772597,12,32,1.25,High complexity (WCI=0.19 >= 0.65) or CPU saturation (5.0% >= 0.82%)
16,21.24,S3,22,1022,0.2173,0.21522687607793614,14,TRIGGER_ADAPTATION,SCALE_UP,12,32,5,0.20848106561023283,14,32,1.25,High complexity (WCI=0.22 >= 0.65) or CPU saturation (5.0% >= 0.82%)
20,26.55,S3,22,1022,0.2362,0.2725397492683643,16,TRIGGER_ADAPTATION,SCALE_UP,14,32,5,0.19911982415995977,16,32,1.25,High complexity (WCI=0.24 >= 0.65) or CPU saturation (5.0% >= 0.82%)
58,66.37,S3,22,1022,0.7004,0.8465783399068357,16,TRIGGER_ADAPTATION,ADJUST_PARAMETERS,16,32,9.004631637979399,0.15494876248571426,16,24,0.3,"Data intensity elevated (Dw=0.82 >= 0.7), throttling batch size"
62,70.73,S3,22,1022,0.7311,0.878420800764973,16,TRIGGER_ADAPTATION,ADJUST_PARAMETERS,16,24,13.946838273412338,0.16583111688464047,16,16,0.3,"Data intensity elevated (Dw=0.86 >= 0.7), throttling batch size"
0,0,S3,23,1023,0.2412,0.2632102257625201,6,TRIGGER_ADAPTATION,SCALE_UP,4,32,13.268839320612107,0.21982042075179,6,32,1.25,High complexity (WCI=0.24 >= 0.65) or CPU saturation (13.3% >= 0.82%)
4,5.31,S3,23,1023,0.2096,0.21080699609571135,8,TRIGGER_ADAPTATION,SCALE_UP,6,32,10.73434153377455,0.18071282768322489,8,32,1.25,High complexity (WCI=0.21 >= 0.65) or CPU saturation (10.7% >= 0.82%)
8,10.62,S3,23,1023,0.179,0.1820653347104748,10,TRIGGER_ADAPTATION,SCALE_UP,8,32,6.113449353262624,0.12625147777264872,10,32,1.25,High complexity (WCI=0.18 >= 0.65) or CPU saturation (6.1% >= 0.82%)
12,15.93,S3,23,1023,0.208,0.22417905914352243,12,TRIGGER_ADAPTATION,SCALE_UP,10,32,5,0.1517142612009151,12,32,1.25,High complexity (WCI=0.21 >= 0.65) or CPU saturation (5.0% >= 0.82%)
16,21.24,S3,23,1023,0.1982,0.2006605854294019,14,TRIGGER_ADAPTATION,SCALE_UP,12,32,5,0.19239574978410307,14,32,1.25,High complexity (WCI=0.20 >= 0.65) or CPU saturation (5.0% >= 0.82%)
20,26.55,S3,23,1023,0.1818,0.1870563856424367,16,TRIGGER_ADAPTATION,SCALE_UP,14,32,5,0.12291980084706092,16,32,1.25,High complexity (WCI=0.18 >= 0.65) or CPU saturation (5.0% >= 0.82%)
58,66.37,S3,23,1023,0.7267,0.8286443793158044,16,TRIGGER_ADAPTATION,ADJUST_PARAMETERS,16,32,15.876541080437345,0.23591563160089604,16,24,0.3,"Data intensity elevated (Dw=0.88 >= 0.7), throttling batch size"
62,70.73,S3,23,1023,0.732,0.8828480400299918,16,TRIGGER_ADAPTATION,ADJUST_PARAMETERS,16,24,16.809238816338933,0.22984179047960088,16,16,0.3,"Data intensity elevated (Dw=0.82 >= 0.7), throttling batch size"
0,0,S3,24,1024,0.224,0.2135241235593731,6,TRIGGER_ADAPTATION,SCALE_UP,4,32,15.309510036217155,0.23757788398753116,6,32,1.25,High complexity (WCI=0.22 >= 0.65) or CPU saturation (15.3% >= 0.82%)
4,5.31,S3,24,1024,0.209,0.2288639475995003,8,TRIGGER_ADAPTATION,SCALE_UP,6,32,7.229441341492618,0.1870264360687337,8,32,1.25,High complexity (WCI=0.21 >= 0.65) or CPU saturation (7.2% >= 0.82%)
8,10.62,S3,24,1024,0.1947,0.21477103131302017,10,TRIGGER_ADAPTATION,SCALE_UP,8,32,5.063237452946483,0.14919503218773045,10,32,1.25,High complexity (WCI=0.19 >= 0.65) or CPU saturation (5.1% >= 0.82%)
12,15.93,S3,24,1024,0.2108,0.24294735103209925,12,TRIGGER_ADAPTATION,SCALE_UP,10,32,5,0.17002682789867207,12,32,1.25,High complexity (WCI=0.21 >= 0.65) or CPU saturation (5.0% >= 0.82%)
16,21.24,S3,24,1024,0.1953,0.20304506884808202,14,TRIGGER_ADAPTATION,SCALE_UP,12,32,5,0.16669787028374147,14,32,1.25,High complexity (WCI=0.20 >= 0.65) or CPU saturation (5.0% >= 0.82%)
20,26.55,S3,24,1024,0.2,0.19997804626096524,16,TRIGGER_ADAPTATION,SCALE_UP,14,32,5,0.12699194760693047,16,32,1.25,High complexity (WCI=0.20 >= 0.65) or CPU saturation (5.0% >= 0.82%)
58,66.37,S3,24,1024,0.7265,0.8651521220936778,16,TRIGGER_ADAPTATION,ADJUST_PARAMETERS,16,32,11.40605866972745,0.22039017320937085,16,24,0.3,"Data intensity elevated (Dw=0.84 >= 0.7), throttling batch size"
62,70.73,S3,24,1024,0.7166,0.8929620778806976,16,TRIGGER_ADAPTATION,ADJUST_PARAMETERS,16,24,7.9640530121808215,0.15346088945163963,16,16,0.3,"Data intensity elevated (Dw=0.81 >= 0.7), throttling batch size"
0,0,S3,25,1025,0.1971,0.2078902386060422,6,TRIGGER_ADAPTATION,SCALE_UP,4,32,13.713786239101486,0.11231346250869079,6,32,1.25,High complexity (WCI=0.20 >= 0.65) or CPU saturation (13.7% >= 0.82%)
4,5.31,S3,25,1025,0.199,0.22046723280432054,8,TRIGGER_ADAPTATION,SCALE_UP,6,32,7.166568050283666,0.1237543053453137,8,32,1.25,High complexity (WCI=0.20 >= 0.65) or CPU saturation (7.2% >= 0.82%)
8,10.62,S3,25,1025,0.2152,0.25403141344835833,10,TRIGGER_ADAPTATION,SCALE_UP,8,32,5,0.21262503937011865,10,32,1.25,High complexity (WCI=0.22 >= 0.65) or CPU saturation (5.0% >= 0.82%)
12,15.93,S3,25,1025,0.1976,0.20523313863964773,12,TRIGGER_ADAPTATION,SCALE_UP,10,32,5,0.1574471748559251,12,32,1.25,High complexity (WCI=0.20 >= 0.65) or CPU saturation (5.0% >= 0.82%)
16,21.24,S3,25,1025,0.215,0.2400785025452297,14,TRIGGER_ADAPTATION,SCALE_UP,12,32,6.015745045279519,0.1845008074222768,14,32,1.25,High complexity (WCI=0.21 >= 0.65) or CPU saturation (6.0% >= 0.82%)
20,26.55,S3,25,1025,0.1918,0.19704448987012058,16,TRIGGER_ADAPTATION,SCALE_UP,14,32,5,0.18940781194175602,16,32,1.25,High complexity (WCI=0.19 >= 0.65) or CPU saturation (5.0% >= 0.82%)
58,66.37,S3,25,1025,0.7156,0.8307799810313142,16,TRIGGER_ADAPTATION,ADJUST_PARAMETERS,16,32,10.9886955177928,0.2104833693163403,16,24,0.3,"Data intensity elevated (Dw=0.86 >= 0.7), throttling batch size"
62,70.73,S3,25,1025,0.7375,0.8900021161163216,16,TRIGGER_ADAPTATION,ADJUST_PARAMETERS,16,24,15.10231600560073,0.23527819183089513,16,16,0.3,"Data intensity elevated (Dw=0.83 >= 0.7), throttling batch size"
0,0,S3,26,1026,0.1849,0.18748733770778067,6,TRIGGER_ADAPTATION,SCALE_UP,4,32,7.4820584030718615,0.1447993299382818,6,32,1.25,High complexity (WCI=0.18 >= 0.65) or CPU saturation (7.5% >= 0.82%)
4,5.31,S3,26,1026,0.1937,0.1908146222710642,8,TRIGGER_ADAPTATION,SCALE_UP,6,32,9.861145827334315,0.14073549582019215,8,32,1.25,High complexity (WCI=0.19 >= 0.65) or CPU saturation (9.9% >= 0.82%)
8,10.62,S3,26,1026,0.1957,0.2061155486947443,10,TRIGGER_ADAPTATION,SCALE_UP,8,32,5,0.16222342620138536,10,32,1.25,High complexity (WCI=0.20 >= 0.65) or CPU saturation (5.0% >= 0.82%)
12,15.93,S3,26,1026,0.2068,0.203699273723653,12,TRIGGER_ADAPTATION,SCALE_UP,10,32,5,0.19940842789880434,12,32,1.25,High complexity (WCI=0.21 >= 0.65) or CPU saturation (5.0% >= 0.82%)
16,21.24,S3,26,1026,0.2125,0.22021944482289932,14,TRIGGER_ADAPTATION,SCALE_UP,12,32,8.063666076265427,0.1897500819838113,14,32,1.25,High complexity (WCI=0.21 >= 0.65) or CPU saturation (8.1% >= 0.82%)
20,26.55,S3,26,1026,0.2243,0.2630813995283684,16,TRIGGER_ADAPTATION,SCALE_UP,14,32,5.977186554458359,0.17177283173570737,16,32,1.25,High complexity (WCI=0.22 >= 0.65) or CPU saturation (6.0% >= 0.82%)
58,66.37,S3,26,1026,0.7099,0.8672385692328926,16,TRIGGER_ADAPTATION,ADJUST_PARAMETERS,16,32,9.601931886740408,0.12065056539165706,16,24,0.3,"Data intensity elevated (Dw=0.84 >= 0.7), throttling batch size"
62,70.73,S3,26,1026,0.7416,0.9171174437622377,16,TRIGGER_ADAPTATION,ADJUST_PARAMETERS,16,24,10.454059541906442,0.1533682069043734,16,16,0.3,"Data intensity elevated (Dw=0.85 >= 0.7), throttling batch size"
0,0,S3,27,1027,0.228,0.23756403423501232,6,TRIGGER_ADAPTATION,SCALE_UP,4,32,13.685730828796647,0.27269112844388854,6,32,1.25,High complexity (WCI=0.23 >= 0.65) or CPU saturation (13.7% >= 0.82%)
4,5.31,S3,27,1027,0.329,0.4543643478189425,8,TRIGGER_ADAPTATION,SCALE_UP,6,32,7.386085603088505,0.23980857154309027,8,32,1.25,High complexity (WCI=0.33 >= 0.65) or CPU saturation (7.4% >= 0.82%)
8,10.62,S3,27,1027,0.2014,0.2126660795197889,10,TRIGGER_ADAPTATION,SCALE_UP,8,32,8.614121757904094,0.1792283345039595,10,32,1.25,High complexity (WCI=0.20 >= 0.65) or CPU saturation (8.6% >= 0.82%)
12,15.93,S3,27,1027,0.1946,0.22146599337338338,12,TRIGGER_ADAPTATION,SCALE_UP,10,32,5.550011742573232,0.14756658798732655,12,32,1.25,High complexity (WCI=0.19 >= 0.65) or CPU saturation (5.6% >= 0.82%)
16,21.24,S3,27,1027,0.2144,0.2477386517057131,14,TRIGGER_ADAPTATION,SCALE_UP,12,32,5,0.11705966464842067,14,32,1.25,High complexity (WCI=0.21 >= 0.65) or CPU saturation (5.0% >= 0.82%)
20,26.55,S3,27,1027,0.1937,0.20445303804063078,16,TRIGGER_ADAPTATION,SCALE_UP,14,32,5,0.17691597926245758,16,32,1.25,High complexity (WCI=0.19 >= 0.65) or CPU saturation (5.0% >= 0.82%)
58,66.37,S3,27,1027,0.7094,0.8704024011062264,16,TRIGGER_ADAPTATION,ADJUST_PARAMETERS,16,32,14.479170035264291,0.12288287295355212,16,24,0.3,"Data intensity elevated (Dw=0.84 >= 0.7), throttling batch size"
62,70.73,S3,27,1027,0.7245,0.8947714064026987,16,TRIGGER_ADAPTATION,ADJUST_PARAMETERS,16,24,15.140705124332825,0.10425077854871773,16,16,0.3,"Data intensity elevated (Dw=0.86 >= 0.7), throttling batch size"
0,0,S3,28,1028,0.212,0.24293902846638246,6,TRIGGER_ADAPTATION,SCALE_UP,4,32,13.409582774233044,0.16106309529637142,6,32,1.25,High complexity (WCI=0.21 >= 0.65) or CPU saturation (13.4% >= 0.82%)
4,5.31,S3,28,1028,0.1756,0.16226591675611493,8,TRIGGER_ADAPTATION,SCALE_UP,6,32,7.087657609115026,0.14347448955037556,8,32,1.25,High complexity (WCI=0.18 >= 0.65) or CPU saturation (7.1% >= 0.82%)
8,10.62,S3,28,1028,0.2112,0.22129167674560313,10,TRIGGER_ADAPTATION,SCALE_UP,8,32,5,0.22839118105926673,10,32,1.25,High complexity (WCI=0.21 >= 0.65) or CPU saturation (5.0% >= 0.82%)
12,15.93,S3,28,1028,0.1786,0.12130182406049113,12,TRIGGER_ADAPTATION,SCALE_UP,10,32,5,0.22643043101438565,12,32,1.25,High complexity (WCI=0.18 >= 0.65) or CPU saturation (5.0% >= 0.82%)
16,21.24,S3,28,1028,0.211,0.2383636481574531,14,TRIGGER_ADAPTATION,SCALE_UP,12,32,5.915998408545876,0.18293210699361526,14,32,1.25,High complexity (WCI=0.21 >= 0.65) or CPU saturation (5.9% >= 0.82%)
20,26.55,S3,28,1028,0.1906,0.21309969473802973,16,TRIGGER_ADAPTATION,SCALE_UP,14,32,5,0.16268870305078814,16,32,1.25,High complexity (WCI=0.19 >= 0.65) or CPU saturation (5.0% >= 0.82%)
58,66.37,S3,28,1028,0.7326,0.8764880003071905,16,TRIGGER_ADAPTATION,ADJUST_PARAMETERS,16,32,17.655350974383165,0.19284761093495412,16,24,0.3,"Data intensity elevated (Dw=0.86 >= 0.7), throttling batch size"
62,70.73,S3,28,1028,0.7325,0.8896517004640988,16,TRIGGER_ADAPTATION,ADJUST_PARAMETERS,16,24,12.069965849838196,0.20692236390082294,16,16,0.3,"Data intensity elevated (Dw=0.83 >= 0.7), throttling batch size"
0,0,S3,29,1029,0.2394,0.23940763487708328,6,TRIGGER_ADAPTATION,SCALE_UP,4,32,10.889607621741106,0.24536408529418008,6,32,1.25,High complexity (WCI=0.24 >= 0.65) or CPU saturation (10.9% >= 0.82%)
4,5.31,S3,29,1029,0.2043,0.21023051697629366,8,TRIGGER_ADAPTATION,SCALE_UP,6,32,11.318024684905833,0.14910535988553122,8,32,1.25,High complexity (WCI=0.20 >= 0.65) or CPU saturation (11.3% >= 0.82%)
8,10.62,S3,29,1029,0.2369,0.27934087832719173,10,TRIGGER_ADAPTATION,SCALE_UP,8,32,10.294501670034872,0.17686095703512789,10,32,1.25,High complexity (WCI=0.24 >= 0.65) or CPU saturation (10.3% >= 0.82%)
12,15.93,S3,29,1029,0.2053,0.2195140763890922,12,TRIGGER_ADAPTATION,SCALE_UP,10,32,9.140286322435562,0.1728737505430088,12,32,1.25,High complexity (WCI=0.21 >= 0.65) or CPU saturation (9.1% >= 0.82%)
16,21.24,S3,29,1029,0.1715,0.16662779545425743,14,TRIGGER_ADAPTATION,SCALE_UP,12,32,5,0.12870479757774275,14,32,1.25,High complexity (WCI=0.17 >= 0.65) or CPU saturation (5.0% >= 0.82%)
20,26.55,S3,29,1029,0.1884,0.2217749681067294,16,TRIGGER_ADAPTATION,SCALE_UP,14,32,5,0.098590791349276,16,32,1.25,High complexity (WCI=0.19 >= 0.65) or CPU saturation (5.0% >= 0.82%)
58,66.37,S3,29,1029,0.7156,0.8499940459619131,16,TRIGGER_ADAPTATION,ADJUST_PARAMETERS,16,32,9.97639192624209,0.1454256041099471,16,24,0.3,"Data intensity elevated (Dw=0.87 >= 0.7), throttling batch size"
62,70.73,S3,29,1029,0.7646,1,16,TRIGGER_ADAPTATION,ADJUST_PARAMETERS,16,24,12.140873548074142,0.11283127026830525,16,16,0.3,"Data intensity elevated (Dw=0.83 >= 0.7), throttling batch size"
0,0,S3,30,1030,0.2022,0.19546291816198427,6,TRIGGER_ADAPTATION,SCALE_UP,4,32,10.373661730780128,0.19682264909168304,6,32,1.25,High complexity (WCI=0.20 >= 0.65) or CPU saturation (10.4% >= 0.82%)
4,5.31,S3,30,1030,0.2006,0.22396514075205964,8,TRIGGER_ADAPTATION,SCALE_UP,6,32,6.347764863720741,0.14946085757501976,8,32,1.25,High complexity (WCI=0.20 >= 0.65) or CPU saturation (6.3% >= 0.82%)
8,10.62,S3,30,1030,0.178,0.18095228165997423,10,TRIGGER_ADAPTATION,SCALE_UP,8,32,6.930545491296498,0.15537635729006535,10,32,1.25,High complexity (WCI=0.18 >= 0.65) or CPU saturation (6.9% >= 0.82%)
12,15.93,S3,30,1030,0.168,0.17290555457450862,12,TRIGGER_ADAPTATION,SCALE_UP,10,32,5,0.12722809752618022,12,32,1.25,High complexity (WCI=0.17 >= 0.65) or CPU saturation (5.0% >= 0.82%)
16,21.24,S3,30,1030,0.2061,0.22407528669509094,14,TRIGGER_ADAPTATION,SCALE_UP,12,32,5,0.19782622201676822,14,32,1.25,High complexity (WCI=0.21 >= 0.65) or CPU saturation (5.0% >= 0.82%)
20,26.55,S3,30,1030,0.205,0.16222387907617183,16,TRIGGER_ADAPTATION,SCALE_UP,14,32,5,0.17983195415369432,16,32,1.25,High complexity (WCI=0.20 >= 0.65) or CPU saturation (5.0% >= 0.82%)
58,66.37,S3,30,1030,0.7334,0.8585240652302711,16,TRIGGER_ADAPTATION,ADJUST_PARAMETERS,16,32,14.804255792689014,0.23643992324900928,16,24,0.3,"Data intensity elevated (Dw=0.86 >= 0.7), throttling batch size"
62,70.73,S3,30,1030,0.7359,0.866063467522742,16,TRIGGER_ADAPTATION,ADJUST_PARAMETERS,16,24,14.679567939617913,0.2123963196732368,16,16,0.3,"Data intensity elevated (Dw=0.87 >= 0.7), throttling batch size"