step,sim_time_sec,scenario_id,system_type,run_id,random_seed,arrival_rate,queue_length,completed_tasks,active_cores,batch_size,cw_computational_intensity,dw_data_volume_intensity,vr_utilization_variability,wci_index,cpu_utilization_pct,memory_utilization_pct,throughput_tasks_sec,step_overhead_sec,cumulative_overhead_sec
0,0,S1,BASELINE,1,1001,33,0,33,4,32,0.1903,0.1992,0.2606,0.2075,20.7,11.48,33,0,0
1,1,S1,BASELINE,1,1001,19,0,52,4,32,0.1876,0.2164,0.1911,0.1984,10.4,11.76,19,0,0
2,2,S1,BASELINE,1,1001,29,0,81,4,32,0.2001,0.2159,0.2983,0.2253,18,11.65,29,0,0
3,3,S1,BASELINE,1,1001,24,0,105,4,32,0.2061,0.2189,0.1176,0.1929,13.23,11.62,24,0,0
4,4,S1,BASELINE,1,1001,25,0,130,4,32,0.1968,0.2135,0.1582,0.1949,13.65,11.59,25,0,0
5,5,S1,BASELINE,1,1001,28,0,158,4,32,0.2514,0.2105,0.2812,0.2431,13.08,11.56,28,0,0
6,6,S1,BASELINE,1,1001,31,0,189,4,32,0.1925,0.2208,0.1903,0.202,15.26,11.89,31,0,0
7,7,S1,BASELINE,1,1001,31,0,220,4,32,0.1341,0.2099,0.2452,0.1828,17.3,11.78,31,0,0
8,8,S1,BASELINE,1,1001,35,0,255,4,32,0.2257,0.1869,0.2073,0.2084,20.11,11.29,35,0,0
9,9,S1,BASELINE,1,1001,20,0,275,4,32,0.2307,0.1903,0.1879,0.208,11.22,11.23,20,0,0
10,10,S1,BASELINE,1,1001,22,0,297,4,32,0.209,0.2132,0.1573,0.2001,10.18,11.53,22,0,0
11,11,S1,BASELINE,1,1001,25,0,322,4,32,0.2072,0.2267,0.2223,0.2171,11.74,11.66,25,0,0
12,12,S1,BASELINE,1,1001,24,0,346,4,32,0.2747,0.1843,0.1976,0.2277,16.07,11.51,24,0,0
13,13,S1,BASELINE,1,1001,23,0,369,4,32,0.2325,0.2079,0.1066,0.1987,13.92,11.56,23,0,0
14,14,S1,BASELINE,1,1001,28,0,397,4,32,0.1931,0.2254,0.1864,0.2031,19.04,11.85,28,0,0
15,15,S1,BASELINE,1,1001,27,0,424,4,32,0.248,0.203,0.1157,0.2058,16.37,11.58,27,0,0
16,16,S1,BASELINE,1,1001,20,0,444,4,32,0.2065,0.2033,0.2189,0.2078,9.26,11.53,20,0,0
17,17,S1,BASELINE,1,1001,25,0,469,4,32,0.2337,0.207,0.2044,0.2185,15.64,11.84,25,0,0
18,18,S1,BASELINE,1,1001,25,0,494,4,32,0.1949,0.2534,0.175,0.2114,15.11,12.27,25,0,0
19,19,S1,BASELINE,1,1001,31,0,525,4,32,0.2119,0.2174,0.2523,0.2219,18.52,11.57,31,0,0
20,20,S1,BASELINE,1,1001,26,0,551,4,32,0.2098,0.2245,0.2191,0.2168,14.47,11.77,26,0,0
21,21,S1,BASELINE,1,1001,18,0,569,4,32,0.2199,0.215,0.1758,0.2094,11.4,11.87,18,0,0
22,22,S1,BASELINE,1,1001,33,0,602,4,32,0.2015,0.2138,0.2602,0.2176,20.7,11.79,33,0,0
23,23,S1,BASELINE,1,1001,27,0,629,4,32,0.2191,0.2349,0.2728,0.2354,19.26,12.02,27,0,0
24,24,S1,BASELINE,1,1001,17,0,646,4,32,0.1725,0.1646,0.0967,0.1546,9.58,11.03,17,0,0
25,25,S1,BASELINE,1,1001,23,0,669,4,32,0.3015,0.2288,0.1592,0.2476,12.17,11.93,23,0,0
26,26,S1,BASELINE,1,1001,26,0,695,4,32,0.2281,0.1766,0.2633,0.2172,14.55,11.15,26,0,0
27,27,S1,BASELINE,1,1001,27,0,722,4,32,0.1719,0.183,0.1952,0.1805,13.93,11.15,27,0,0
28,28,S1,BASELINE,1,1001,24,0,746,4,32,0.232,0.2211,0.252,0.2322,15.08,11.77,24,0,0
29,29,S1,BASELINE,1,1001,36,0,782,4,32,0.2623,0.1994,0.2162,0.2311,19.25,11.58,36,0,0
30,30,S1,BASELINE,1,1001,30,0,812,4,32,0.2581,0.2198,0.1454,0.2221,18.43,12.01,30,0,0
31,31,S1,BASELINE,1,1001,22,0,834,4,32,0.2338,0.2267,0.2528,0.2351,12.02,11.83,22,0,0
32,32,S1,BASELINE,1,1001,29,0,863,4,32,0.1949,0.2258,0.2013,0.207,14.55,11.78,29,0,0
33,33,S1,BASELINE,1,1001,15,0,878,4,32,0.2298,0.2044,0.1372,0.2024,6.82,11.37,15,0,0
34,34,S1,BASELINE,1,1001,33,0,911,4,32,0.2511,0.2363,0.1966,0.235,16.2,12.24,33,0,0
35,35,S1,BASELINE,1,1001,23,0,934,4,32,0.2043,0.2066,0.213,0.2068,14.39,11.71,23,0,0
36,36,S1,BASELINE,1,1001,30,0,964,4,32,0.2764,0.2017,0.1843,0.2318,17.12,11.46,30,0,0
37,37,S1,BASELINE,1,1001,26,0,990,4,32,0.236,0.1732,0.2014,0.2071,17.65,11.23,26,0,0
38,38,S1,BASELINE,1,1001,19,0,1009,4,32,0.2317,0.1971,0.2614,0.2255,11.95,11.42,19,0,0
39,39,S1,BASELINE,1,1001,20,0,1029,4,32,0.1826,0.2144,0.1876,0.1947,9.4,11.57,20,0,0
40,40,S1,BASELINE,1,1001,22,0,1051,4,32,0.1814,0.1992,0.234,0.1982,12.23,11.57,22,0,0
41,41,S1,BASELINE,1,1001,30,0,1081,4,32,0.2164,0.2024,0.2022,0.2087,15.48,11.65,30,0,0
42,42,S1,BASELINE,1,1001,20,0,1101,4,32,0.2098,0.1835,0.0902,0.1767,7.51,11.41,20,0,0
43,43,S1,BASELINE,1,1001,25,0,1126,4,32,0.4465,0.2437,0.1961,0.3254,12.18,12.05,25,0,0
44,44,S1,BASELINE,1,1001,23,0,1149,4,32,0.2366,0.2165,0.1732,0.2169,11.92,11.87,23,0,0
45,45,S1,BASELINE,1,1001,22,0,1171,4,32,0.2144,0.2326,0.1816,0.2142,11.45,11.96,22,0,0
46,46,S1,BASELINE,1,1001,23,0,1194,4,32,0.2504,0.2011,0.2013,0.2233,15.53,11.59,23,0,0
47,47,S1,BASELINE,1,1001,29,0,1223,4,32,0.2225,0.2235,0.1654,0.2115,14.06,11.92,29,0,0
48,48,S1,BASELINE,1,1001,27,0,1250,4,32,0.171,0.2138,0.2551,0.2028,16.3,12.05,27,0,0
49,49,S1,BASELINE,1,1001,28,0,1278,4,32,0.2686,0.1889,0.1975,0.2265,17.31,11.46,28,0,0
50,50,S1,BASELINE,1,1001,18,0,1296,4,32,0.2464,0.2084,0.1278,0.2094,8.29,11.67,18,0,0
51,51,S1,BASELINE,1,1001,32,0,1328,4,32,0.2103,0.1961,0.21,0.2053,17.82,11.45,32,0,0
52,52,S1,BASELINE,1,1001,25,0,1353,4,32,0.2208,0.1951,0.2052,0.2087,14.04,11.22,25,0,0
53,53,S1,BASELINE,1,1001,20,0,1373,4,32,0.1938,0.2003,0.1524,0.1878,9.9,11.52,20,0,0
54,54,S1,BASELINE,1,1001,25,0,1398,4,32,0.1811,0.229,0.2002,0.2017,11.82,11.96,25,0,0
55,55,S1,BASELINE,1,1001,29,0,1427,4,32,0.2173,0.2114,0.2218,0.2162,15.9,11.62,29,0,0
56,56,S1,BASELINE,1,1001,30,0,1457,4,32,0.1648,0.2046,0.1992,0.1856,15.89,11.6,30,0,0
57,57,S1,BASELINE,1,1001,30,0,1487,4,32,0.2378,0.2197,0.2186,0.2276,17.09,11.77,30,0,0
58,58,S1,BASELINE,1,1001,18,0,1505,4,32,0.2411,0.1824,0.2283,0.218,7.14,10.92,18,0,0
0,0,S1,SAMCS,1,1001,33,0,33,6,32,0.1903,0.1992,0.2606,0.2075,20.7,11.48,33,1.265,1.265
1,2.26,S1,SAMCS,1,1001,19,0,52,6,32,0.1876,0.2164,0.1784,0.1959,6.77,11.76,19,0.015,1.28
2,3.28,S1,SAMCS,1,1001,29,0,81,6,32,0.2001,0.2159,0.2789,0.2214,12.46,11.65,29,0.015,1.295
3,4.29,S1,SAMCS,1,1001,24,0,105,6,32,0.2061,0.2189,0.1016,0.1897,8.65,11.62,24,0.015,1.31
4,5.31,S1,SAMCS,1,1001,25,0,130,8,32,0.1968,0.2135,0.1415,0.1916,8.87,11.59,25,1.265,2.575
5,7.57,S1,SAMCS,1,1001,28,0,158,8,32,0.2514,0.2105,0.2532,0.2374,5.06,11.56,28,0.015,2.59
6,8.59,S1,SAMCS,1,1001,31,0,189,8,32,0.1925,0.2208,0.1592,0.1957,6.39,11.89,31,0.015,2.605
7,9.6,S1,SAMCS,1,1001,31,0,220,8,32,0.1341,0.2099,0.2141,0.1766,8.43,11.78,31,0.015,2.62
8,10.62,S1,SAMCS,1,1001,35,0,255,10,32,0.2257,0.1869,0.1722,0.2014,10.09,11.29,35,1.265,3.885
9,12.88,S1,SAMCS,1,1001,20,0,275,10,32,0.2307,0.1903,0.1661,0.2036,5,11.23,20,0.015,3.9
10,13.9,S1,SAMCS,1,1001,22,0,297,10,32,0.209,0.2132,0.1391,0.1965,5,11.53,22,0.015,3.915
11,14.91,S1,SAMCS,1,1001,25,0,322,10,32,0.2072,0.2267,0.1987,0.2123,5,11.66,25,0.015,3.93
12,15.93,S1,SAMCS,1,1001,24,0,346,12,32,0.2747,0.1843,0.1688,0.2219,7.82,11.51,24,1.265,5.195
13,18.2,S1,SAMCS,1,1001,23,0,369,12,32,0.2325,0.2079,0.0759,0.1926,5.14,11.56,23,0.015,5.21
14,19.21,S1,SAMCS,1,1001,28,0,397,12,32,0.1931,0.2254,0.1489,0.1956,8.35,11.85,28,0.015,5.225
15,20.23,S1,SAMCS,1,1001,27,0,424,12,32,0.248,0.203,0.0796,0.1986,6.06,11.58,27,0.015,5.24
16,21.24,S1,SAMCS,1,1001,20,0,444,14,32,0.2065,0.2033,0.204,0.2049,5,11.53,20,1.265,6.505
17,23.51,S1,SAMCS,1,1001,25,0,469,14,32,0.2337,0.207,0.1686,0.2113,5.41,11.84,25,0.015,6.52
18,24.52,S1,SAMCS,1,1001,25,0,494,14,32,0.1949,0.2534,0.1397,0.2043,5,12.27,25,0.015,6.535
19,25.54,S1,SAMCS,1,1001,31,0,525,14,32,0.2119,0.2174,0.2079,0.213,5.84,11.57,31,0.015,6.55
20,26.55,S1,SAMCS,1,1001,26,0,551,16,32,0.2098,0.2245,0.186,0.2102,5,11.77,26,1.265,7.815
21,28.82,S1,SAMCS,1,1001,18,0,569,16,32,0.2199,0.215,0.1535,0.2049,5,11.87,18,0.015,7.83
22,29.83,S1,SAMCS,1,1001,33,0,602,16,32,0.2015,0.2138,0.2106,0.2076,6.52,11.79,33,0.015,7.845
23,30.85,S1,SAMCS,1,1001,27,0,629,16,32,0.2191,0.2349,0.2322,0.2273,7.66,12.02,27,0.015,7.86
24,31.86,S1,SAMCS,1,1001,17,0,646,16,32,0.1725,0.1646,0.0806,0.1514,5,11.03,17,0.015,7.875
25,32.88,S1,SAMCS,1,1001,23,0,669,16,32,0.3015,0.2288,0.1341,0.2426,5,11.93,23,0.015,7.89
26,33.89,S1,SAMCS,1,1001,26,0,695,16,32,0.2281,0.1766,0.2299,0.2105,5,11.15,26,0.015,7.905
27,34.91,S1,SAMCS,1,1001,27,0,722,16,32,0.1719,0.183,0.164,0.1742,5,11.15,27,0.015,7.92
28,35.92,S1,SAMCS,1,1001,24,0,746,16,32,0.232,0.2211,0.2167,0.2251,5,11.77,24,0.015,7.935
29,36.94,S1,SAMCS,1,1001,36,0,782,16,32,0.2623,0.1994,0.1664,0.2211,5,11.58,36,0.015,7.95
30,37.95,S1,SAMCS,1,1001,30,0,812,16,32,0.2581,0.2198,0.1003,0.2131,5.54,12.01,30,0.015,7.965
31,38.97,S1,SAMCS,1,1001,22,0,834,16,32,0.2338,0.2267,0.2282,0.2302,5,11.83,22,0.015,7.98
32,39.98,S1,SAMCS,1,1001,29,0,863,16,32,0.1949,0.2258,0.1678,0.2003,5,11.78,29,0.015,7.995
33,41,S1,SAMCS,1,1001,15,0,878,16,32,0.2298,0.2044,0.1308,0.2011,5,11.37,15,0.015,8.01
34,42.01,S1,SAMCS,1,1001,33,0,911,16,32,0.2511,0.2363,0.1574,0.2272,5,12.24,33,0.015,8.025
35,43.03,S1,SAMCS,1,1001,23,0,934,16,32,0.2043,0.2066,0.1801,0.2003,5,11.71,23,0.015,8.04
36,44.04,S1,SAMCS,1,1001,30,0,964,16,32,0.2764,0.2017,0.1419,0.2233,5,11.46,30,0.015,8.055
37,45.06,S1,SAMCS,1,1001,26,0,990,16,32,0.236,0.1732,0.1623,0.1993,6.48,11.23,26,0.015,8.07
38,46.07,S1,SAMCS,1,1001,19,0,1009,16,32,0.2317,0.1971,0.2371,0.2207,5,11.42,19,0.015,8.085
39,47.09,S1,SAMCS,1,1001,20,0,1029,16,32,0.1826,0.2144,0.1722,0.1916,5,11.57,20,0.015,8.1
40,48.1,S1,SAMCS,1,1001,22,0,1051,16,32,0.1814,0.1992,0.2087,0.1931,5,11.57,22,0.015,8.115
41,49.12,S1,SAMCS,1,1001,30,0,1081,16,32,0.2164,0.2024,0.1656,0.2013,5,11.65,30,0.015,8.13
42,50.13,S1,SAMCS,1,1001,20,0,1101,16,32,0.2098,0.1835,0.0814,0.1749,5,11.41,20,0.015,8.145
43,51.15,S1,SAMCS,1,1001,25,0,1126,16,32,0.4465,0.2437,0.171,0.3204,5,12.05,25,0.015,8.16
44,52.16,S1,SAMCS,1,1001,23,0,1149,16,32,0.2366,0.2165,0.149,0.212,5,11.87,23,0.015,8.175
45,53.18,S1,SAMCS,1,1001,22,0,1171,16,32,0.2144,0.2326,0.159,0.2097,5,11.96,22,0.015,8.19
46,54.19,S1,SAMCS,1,1001,23,0,1194,16,32,0.2504,0.2011,0.1667,0.2164,5.65,11.59,23,0.015,8.205
47,55.21,S1,SAMCS,1,1001,29,0,1223,16,32,0.2225,0.2235,0.1337,0.2051,5,11.92,29,0.015,8.22
48,56.22,S1,SAMCS,1,1001,27,0,1250,16,32,0.171,0.2138,0.2156,0.1949,5,12.05,27,0.015,8.235
49,57.24,S1,SAMCS,1,1001,28,0,1278,16,32,0.2686,0.1889,0.1554,0.218,5.28,11.46,28,0.015,8.25
50,58.25,S1,SAMCS,1,1001,18,0,1296,16,32,0.2464,0.2084,0.1163,0.2071,5,11.67,18,0.015,8.265
51,59.27,S1,SAMCS,1,1001,32,0,1328,16,32,0.2103,0.1961,0.1651,0.1963,5,11.45,32,0.015,8.28
52,60.28,S1,SAMCS,1,1001,25,0,1353,16,32,0.2208,0.1951,0.1735,0.2023,5,11.22,25,0.015,8.295
53,61.3,S1,SAMCS,1,1001,20,0,1373,16,32,0.1938,0.2003,0.1353,0.1844,5,11.52,20,0.015,8.31
54,62.31,S1,SAMCS,1,1001,25,0,1398,16,32,0.1811,0.229,0.1764,0.1969,5,11.96,25,0.015,8.325
55,63.33,S1,SAMCS,1,1001,29,0,1427,16,32,0.2173,0.2114,0.1836,0.2085,5,11.62,29,0.015,8.34
56,64.34,S1,SAMCS,1,1001,30,0,1457,16,32,0.1648,0.2046,0.1611,0.178,5,11.6,30,0.015,8.355
57,65.36,S1,SAMCS,1,1001,30,0,1487,16,32,0.2378,0.2197,0.1763,0.2192,5,11.77,30,0.015,8.37
58,66.37,S1,SAMCS,1,1001,18,0,1505,16,32,0.2411,0.1824,0.2208,0.2165,5,10.92,18,0.015,8.385
0,0,S1,BASELINE,2,1002,17,0,17,4,32,0.2474,0.1854,0.2374,0.2237,11,11.07,17,0,0
1,1,S1,BASELINE,2,1002,25,0,42,4,32,0.2715,0.1969,0.3289,0.2568,16.44,11.44,25,0,0
2,2,S1,BASELINE,2,1002,30,0,72,4,32,0.2246,0.1991,0.1129,0.1933,19.1,11.57,30,0,0
3,3,S1,BASELINE,2,1002,27,0,99,4,32,0.2402,0.2121,0.2086,0.224,20.15,11.58,27,0,0
4,4,S1,BASELINE,2,1002,22,0,121,4,32,0.243,0.2286,0.1408,0.2175,13.09,11.8,22,0,0
5,5,S1,BASELINE,2,1002,32,0,153,4,32,0.1673,0.2362,0.1581,0.1896,18.6,12.05,32,0,0
6,6,S1,BASELINE,2,1002,29,0,182,4,32,0.2278,0.1991,0.1605,0.2043,14.66,11.45,29,0,0
7,7,S1,BASELINE,2,1002,20,0,202,4,32,0.1928,0.2063,0.2115,0.2013,10.7,11.46,20,0,0
8,8,S1,BASELINE,2,1002,29,0,231,4,32,0.1916,0.2429,0.1858,0.2084,18.03,11.93,29,0,0
9,9,S1,BASELINE,2,1002,34,0,265,4,32,0.146,0.1993,0.2256,0.1806,21.59,11.56,34,0,0
10,10,S1,BASELINE,2,1002,34,0,299,4,32,0.2455,0.2103,0.2075,0.2256,15.78,11.55,34,0,0
11,11,S1,BASELINE,2,1002,25,0,324,4,32,0.216,0.2084,0.1858,0.2073,10.76,11.73,25,0,0
12,12,S1,BASELINE,2,1002,20,0,344,4,32,0.2133,0.2445,0.2348,0.2285,14.4,11.8,20,0,0
13,13,S1,BASELINE,2,1002,23,0,367,4,32,0.2131,0.2242,0.1926,0.2129,11.48,11.75,23,0,0
14,14,S1,BASELINE,2,1002,20,0,387,4,32,0.2572,0.2164,0.1995,0.2314,8.9,11.93,20,0,0
15,15,S1,BASELINE,2,1002,29,0,416,4,32,0.2338,0.2248,0.2537,0.2346,16.6,11.94,29,0,0
16,16,S1,BASELINE,2,1002,23,0,439,4,32,0.2125,0.1928,0.1798,0.199,14.38,11.41,23,0,0
17,17,S1,BASELINE,2,1002,21,0,460,4,32,0.2011,0.2268,0.2056,0.211,10.33,11.97,21,0,0
18,18,S1,BASELINE,2,1002,27,0,487,4,32,0.1881,0.236,0.1871,0.2047,16.29,12.16,27,0,0
19,19,S1,BASELINE,2,1002,28,0,515,4,32,0.1942,0.2175,0.2047,0.2045,14.96,11.73,28,0,0
20,20,S1,BASELINE,2,1002,24,0,539,4,32,0.2576,0.2371,0.1729,0.2335,18.37,11.95,24,0,0
21,21,S1,BASELINE,2,1002,19,0,558,4,32,0.1757,0.2502,0.1631,0.1992,11.42,12.07,19,0,0
22,22,S1,BASELINE,2,1002,23,0,581,4,32,0.2279,0.2057,0.1385,0.2022,9.86,11.56,23,0,0
23,23,S1,BASELINE,2,1002,32,0,613,4,32,0.2286,0.2056,0.2356,0.2219,15.25,11.72,32,0,0
24,24,S1,BASELINE,2,1002,28,0,641,4,32,0.2181,0.2168,0.2599,0.226,16.31,11.84,28,0,0
25,25,S1,BASELINE,2,1002,33,0,674,4,32,0.2869,0.1956,0.2354,0.2446,17.03,11.3,33,0,0
26,26,S1,BASELINE,2,1002,24,0,698,4,32,0.2369,0.2171,0.1919,0.221,12.57,11.74,24,0,0
27,27,S1,BASELINE,2,1002,30,0,728,4,32,0.1938,0.2233,0.3094,0.2273,17.05,11.9,30,0,0
28,28,S1,BASELINE,2,1002,28,0,756,4,32,0.1724,0.2342,0.1895,0.1974,16.13,12.11,28,0,0
29,29,S1,BASELINE,2,1002,28,0,784,4,32,0.2564,0.2417,0.1805,0.2361,16.35,12.25,28,0,0
30,30,S1,BASELINE,2,1002,21,0,805,4,32,0.1978,0.1791,0.1981,0.1913,10.57,11.17,21,0,0
31,31,S1,BASELINE,2,1002,30,0,835,4,32,0.2687,0.22,0.1785,0.2336,16.28,11.74,30,0,0
32,32,S1,BASELINE,2,1002,26,0,861,4,32,0.197,0.2077,0.1937,0.2001,15.45,11.45,26,0,0
33,33,S1,BASELINE,2,1002,25,0,886,4,32,0.2235,0.1862,0.1725,0.2002,11.42,11.22,25,0,0
34,34,S1,BASELINE,2,1002,31,0,917,4,32,0.2532,0.2148,0.1689,0.2229,18.07,11.98,31,0,0
35,35,S1,BASELINE,2,1002,27,0,944,4,32,0.2493,0.2078,0.2052,0.2259,12.67,11.51,27,0,0
36,36,S1,BASELINE,2,1002,26,0,970,4,32,0.2631,0.2049,0.2304,0.2362,17.36,11.74,26,0,0
37,37,S1,BASELINE,2,1002,19,0,989,4,32,0.1939,0.213,0.1747,0.1967,8.76,11.61,19,0,0
38,38,S1,BASELINE,2,1002,25,0,1014,4,32,0.2151,0.2087,0.2316,0.2162,14.59,11.42,25,0,0
39,39,S1,BASELINE,2,1002,14,0,1028,4,32,0.3032,0.1914,0.1847,0.2404,5.43,11.37,14,0,0
40,40,S1,BASELINE,2,1002,23,0,1051,4,32,0.2676,0.202,0.2676,0.2447,15.77,11.52,23,0,0
41,41,S1,BASELINE,2,1002,28,0,1079,4,32,0.2192,0.2148,0.16,0.2058,16.75,11.68,28,0,0
42,42,S1,BASELINE,2,1002,26,0,1105,4,32,0.1893,0.194,0.143,0.1817,14.33,11.4,26,0,0
43,43,S1,BASELINE,2,1002,24,0,1129,4,32,0.1882,0.203,0.1777,0.1913,18.57,11.5,24,0,0
44,44,S1,BASELINE,2,1002,24,0,1153,4,32,0.2496,0.2366,0.2055,0.2362,11.59,11.83,24,0,0
45,45,S1,BASELINE,2,1002,21,0,1174,4,32,0.2179,0.1705,0.1483,0.1874,14.03,10.87,21,0,0
46,46,S1,BASELINE,2,1002,27,0,1201,4,32,0.2383,0.2057,0.2036,0.22,17.3,11.45,27,0,0
47,47,S1,BASELINE,2,1002,35,0,1236,4,32,0.2019,0.1622,0.2243,0.1925,18.58,10.88,35,0,0
48,48,S1,BASELINE,2,1002,29,0,1265,4,32,0.2647,0.1908,0.1594,0.2178,18.32,11.49,29,0,0
49,49,S1,BASELINE,2,1002,30,0,1295,4,32,0.194,0.2121,0.2236,0.2063,16.58,11.69,30,0,0
50,50,S1,BASELINE,2,1002,23,0,1318,4,32,0.259,0.2058,0.2369,0.236,13.24,11.5,23,0,0
51,51,S1,BASELINE,2,1002,15,0,1333,4,32,0.1995,0.2187,0.193,0.2049,8.84,11.81,15,0,0
52,52,S1,BASELINE,2,1002,29,0,1362,4,32,0.2329,0.2016,0.2366,0.2227,15.88,11.53,29,0,0
53,53,S1,BASELINE,2,1002,15,0,1377,4,32,0.1973,0.2032,0.2324,0.2064,7.19,11.45,15,0,0
54,54,S1,BASELINE,2,1002,27,0,1404,4,32,0.206,0.197,0.2015,0.202,12.83,11.4,27,0,0
55,55,S1,BASELINE,2,1002,17,0,1421,4,32,0.2118,0.233,0.1534,0.2076,7.81,11.83,17,0,0
56,56,S1,BASELINE,2,1002,16,0,1437,4,32,0.1872,0.2014,0.2486,0.2044,7.67,11.54,16,0,0
57,57,S1,BASELINE,2,1002,19,0,1456,4,32,0.2561,0.2267,0.2762,0.2498,7.54,11.91,19,0,0
58,58,S1,BASELINE,2,1002,20,0,1476,4,32,0.2641,0.2428,0.1947,0.2428,10.06,12.01,20,0,0
59,59,S1,BASELINE,2,1002,21,0,1497,4,32,0.2227,0.2214,0.1665,0.211,12.68,11.81,21,0,0
60,60,S1,BASELINE,2,1002,28,0,1525,4,32,0.2369,0.2145,0.1886,0.2194,20.06,11.53,28,0,0
0,0,S1,SAMCS,2,1002,17,0,17,6,32,0.2474,0.1854,0.2374,0.2237,11,11.07,17,1.265,1.265
1,2.26,S1,SAMCS,2,1002,25,0,42,6,32,0.2715,0.1969,0.3122,0.2535,11.67,11.44,25,0.015,1.28
2,3.28,S1,SAMCS,2,1002,30,0,72,6,32,0.2246,0.1991,0.0929,0.1893,13.37,11.57,30,0.015,1.295
3,4.29,S1,SAMCS,2,1002,27,0,99,6,32,0.2402,0.2121,0.1906,0.2204,15,11.58,27,0.015,1.31
4,5.31,S1,SAMCS,2,1002,22,0,121,8,32,0.243,0.2286,0.1261,0.2146,8.89,11.8,22,1.265,2.575
5,7.57,S1,SAMCS,2,1002,32,0,153,8,32,0.1673,0.2362,0.126,0.1832,9.43,12.05,32,0.015,2.59
6,8.59,S1,SAMCS,2,1002,29,0,182,8,32,0.2278,0.1991,0.1314,0.1985,6.36,11.45,29,0.015,2.605
7,9.6,S1,SAMCS,2,1002,20,0,202,8,32,0.1928,0.2063,0.1916,0.1973,5,11.46,20,0.015,2.62
8,10.62,S1,SAMCS,2,1002,29,0,231,10,32,0.1916,0.2429,0.1567,0.2026,9.72,11.93,29,1.265,3.885
9,12.88,S1,SAMCS,2,1002,34,0,265,10,32,0.146,0.1993,0.1847,0.1724,9.91,11.56,34,0.015,3.9
10,13.9,S1,SAMCS,2,1002,34,0,299,10,32,0.2455,0.2103,0.1698,0.218,5,11.55,34,0.015,3.915
11,14.91,S1,SAMCS,2,1002,25,0,324,10,32,0.216,0.2084,0.1657,0.2033,5,11.73,25,0.015,3.93
12,15.93,S1,SAMCS,2,1002,20,0,344,12,32,0.2133,0.2445,0.2108,0.2237,7.52,11.8,20,1.265,5.195
13,18.2,S1,SAMCS,2,1002,23,0,367,12,32,0.2131,0.2242,0.1699,0.2084,5,11.75,23,0.015,5.21
14,19.21,S1,SAMCS,2,1002,20,0,387,12,32,0.2572,0.2164,0.1859,0.2286,5,11.93,20,0.015,5.225
15,20.23,S1,SAMCS,2,1002,29,0,416,12,32,0.2338,0.2248,0.215,0.2269,5.52,11.94,29,0.015,5.24
16,21.24,S1,SAMCS,2,1002,23,0,439,14,32,0.2125,0.1928,0.149,0.1929,5.6,11.41,23,1.265,6.505
17,23.51,S1,SAMCS,2,1002,21,0,460,14,32,0.2011,0.2268,0.187,0.2073,5,11.97,21,0.015,6.52
18,24.52,S1,SAMCS,2,1002,27,0,487,14,32,0.1881,0.236,0.1484,0.1969,5.24,12.16,27,0.015,6.535
19,25.54,S1,SAMCS,2,1002,28,0,515,14,32,0.1942,0.2175,0.1699,0.1975,5,11.73,28,0.015,6.55
20,26.55,S1,SAMCS,2,1002,24,0,539,16,32,0.2576,0.2371,0.1385,0.2266,8.55,11.95,24,1.265,7.815
21,28.82,S1,SAMCS,2,1002,19,0,558,16,32,0.1757,0.2502,0.1406,0.1947,5,12.07,19,0.015,7.83
22,29.83,S1,SAMCS,2,1002,23,0,581,16,32,0.2279,0.2057,0.1215,0.1988,5,11.56,23,0.015,7.845
23,30.85,S1,SAMCS,2,1002,32,0,613,16,32,0.2286,0.2056,0.1997,0.2148,5,11.72,32,0.015,7.86
24,31.86,S1,SAMCS,2,1002,28,0,641,16,32,0.2181,0.2168,0.2203,0.2181,5,11.84,28,0.015,7.875
25,32.88,S1,SAMCS,2,1002,33,0,674,16,32,0.2869,0.1956,0.1933,0.2362,5,11.3,33,0.015,7.89
26,33.89,S1,SAMCS,2,1002,24,0,698,16,32,0.2369,0.2171,0.1654,0.2157,5,11.74,24,0.015,7.905
27,34.91,S1,SAMCS,2,1002,30,0,728,16,32,0.1938,0.2233,0.2672,0.2188,5,11.9,30,0.015,7.92
28,35.92,S1,SAMCS,2,1002,28,0,756,16,32,0.1724,0.2342,0.1506,0.1897,5,12.11,28,0.015,7.935
29,36.94,S1,SAMCS,2,1002,28,0,784,16,32,0.2564,0.2417,0.1408,0.2281,5,12.25,28,0.015,7.95
30,37.95,S1,SAMCS,2,1002,21,0,805,16,32,0.1978,0.1791,0.1786,0.1874,5,11.17,21,0.015,7.965
31,38.97,S1,SAMCS,2,1002,30,0,835,16,32,0.2687,0.22,0.139,0.2257,5,11.74,30,0.015,7.98
32,39.98,S1,SAMCS,2,1002,26,0,861,16,32,0.197,0.2077,0.1571,0.1928,5,11.45,26,0.015,7.995
33,41,S1,SAMCS,2,1002,25,0,886,16,32,0.2235,0.1862,0.15,0.1957,5,11.22,25,0.015,8.01
34,42.01,S1,SAMCS,2,1002,31,0,917,16,32,0.2532,0.2148,0.1231,0.2138,5,11.98,31,0.015,8.025
35,43.03,S1,SAMCS,2,1002,27,0,944,16,32,0.2493,0.2078,0.1783,0.2206,5,11.51,27,0.015,8.04
36,44.04,S1,SAMCS,2,1002,26,0,970,16,32,0.2631,0.2049,0.1913,0.2284,6.19,11.74,26,0.015,8.055
37,45.06,S1,SAMCS,2,1002,19,0,989,16,32,0.1939,0.213,0.1616,0.1941,5,11.61,19,0.015,8.07
38,46.07,S1,SAMCS,2,1002,25,0,1014,16,32,0.2151,0.2087,0.198,0.2094,5,11.42,25,0.015,8.085
39,47.09,S1,SAMCS,2,1002,14,0,1028,16,32,0.3032,0.1914,0.1832,0.2401,5,11.37,14,0.015,8.1
40,48.1,S1,SAMCS,2,1002,23,0,1051,16,32,0.2676,0.202,0.233,0.2377,5.89,11.52,23,0.015,8.115
41,49.12,S1,SAMCS,2,1002,28,0,1079,16,32,0.2192,0.2148,0.1189,0.1976,5,11.68,28,0.015,8.13
42,50.13,S1,SAMCS,2,1002,26,0,1105,16,32,0.1893,0.194,0.1104,0.1752,5,11.4,26,0.015,8.145
43,51.15,S1,SAMCS,2,1002,24,0,1129,16,32,0.1882,0.203,0.1417,0.1841,8.26,11.5,24,0.015,8.16
44,52.16,S1,SAMCS,2,1002,24,0,1153,16,32,0.2496,0.2366,0.1824,0.2316,5,11.83,24,0.015,8.175
45,53.18,S1,SAMCS,2,1002,21,0,1174,16,32,0.2179,0.1705,0.1167,0.1811,5,10.87,21,0.015,8.19
46,54.19,S1,SAMCS,2,1002,27,0,1201,16,32,0.2383,0.2057,0.163,0.2118,5.7,11.45,27,0.015,8.205
47,55.21,S1,SAMCS,2,1002,35,0,1236,16,32,0.2019,0.1622,0.1767,0.183,5,10.88,35,0.015,8.22
48,56.22,S1,SAMCS,2,1002,29,0,1265,16,32,0.2647,0.1908,0.1158,0.209,5.86,11.49,29,0.015,8.235
49,57.24,S1,SAMCS,2,1002,30,0,1295,16,32,0.194,0.2121,0.1831,0.1982,5,11.69,30,0.015,8.25
50,58.25,S1,SAMCS,2,1002,23,0,1318,16,32,0.259,0.2058,0.2081,0.2302,5,11.5,23,0.015,8.265
51,59.27,S1,SAMCS,2,1002,15,0,1333,16,32,0.1995,0.2187,0.1795,0.2022,5,11.81,15,0.015,8.28
52,60.28,S1,SAMCS,2,1002,29,0,1362,16,32,0.2329,0.2016,0.1985,0.2151,5,11.53,29,0.015,8.295
53,61.3,S1,SAMCS,2,1002,15,0,1377,16,32,0.1973,0.2032,0.2248,0.2049,5,11.45,15,0.015,8.31
54,62.31,S1,SAMCS,2,1002,27,0,1404,16,32,0.206,0.197,0.1741,0.1965,5,11.4,27,0.015,8.325
55,63.33,S1,SAMCS,2,1002,17,0,1421,16,32,0.2118,0.233,0.1436,0.2056,5,11.83,17,0.015,8.34
56,64.34,S1,SAMCS,2,1002,16,0,1437,16,32,0.1872,0.2014,0.2392,0.2026,5,11.54,16,0.015,8.355
57,65.36,S1,SAMCS,2,1002,19,0,1456,16,32,0.2561,0.2267,0.2673,0.2481,5,11.91,19,0.015,8.37
58,66.37,S1,SAMCS,2,1002,20,0,1476,16,32,0.2641,0.2428,0.1769,0.2392,5,12.01,20,0.015,8.385
59,67.39,S1,SAMCS,2,1002,21,0,1497,16,32,0.2227,0.2214,0.1396,0.2056,5,11.81,21,0.015,8.4
60,68.4,S1,SAMCS,2,1002,28,0,1525,16,32,0.2369,0.2145,0.1465,0.211,8.03,11.53,28,0.015,8.415
0,0,S1,BASELINE,3,1003,33,0,33,4,32,0.1996,0.2341,0.2386,0.2195,18.19,11.99,33,0,0
1,1,S1,BASELINE,3,1003,25,0,58,4,32,0.269,0.1756,0.1673,0.2159,13.62,10.95,25,0,0
2,2,S1,BASELINE,3,1003,27,0,85,4,32,0.1905,0.2642,0.21,0.2202,14.47,12.52,27,0,0
3,3,S1,BASELINE,3,1003,26,0,111,4,32,0.2756,0.2132,0.1749,0.2336,11.68,11.54,26,0,0
4,4,S1,BASELINE,3,1003,25,0,136,4,32,0.2158,0.227,0.2189,0.2203,19.83,11.84,25,0,0
5,5,S1,BASELINE,3,1003,23,0,159,4,32,0.2373,0.1942,0.1613,0.207,14.82,11.42,23,0,0
6,6,S1,BASELINE,3,1003,26,0,185,4,32,0.1981,0.1976,0.1727,0.1929,16.13,11.82,26,0,0
7,7,S1,BASELINE,3,1003,34,0,219,4,32,0.219,0.2399,0.1851,0.2196,20.15,11.98,34,0,0
8,8,S1,BASELINE,3,1003,21,0,240,4,32,0.2161,0.2263,0.2483,0.2261,11.16,11.82,21,0,0
9,9,S1,BASELINE,3,1003,22,0,262,4,32,0.2137,0.2198,0.2469,0.2225,8.93,11.83,22,0,0
10,10,S1,BASELINE,3,1003,23,0,285,4,32,0.2467,0.2163,0.1972,0.2262,11.88,11.64,23,0,0
11,11,S1,BASELINE,3,1003,15,0,300,4,32,0.225,0.181,0.1495,0.1945,8.86,11.35,15,0,0
12,12,S1,BASELINE,3,1003,22,0,322,4,32,0.2011,0.206,0.2569,0.214,15.74,11.46,22,0,0
13,13,S1,BASELINE,3,1003,24,0,346,4,32,0.2355,0.2244,0.2603,0.2366,14.11,11.76,24,0,0
14,14,S1,BASELINE,3,1003,28,0,374,4,32,0.1591,0.2194,0.2102,0.1904,15.1,11.98,28,0,0
15,15,S1,BASELINE,3,1003,27,0,401,4,32,0.2029,0.2066,0.19,0.2016,15.64,11.46,27,0,0
16,16,S1,BASELINE,3,1003,33,0,434,4,32,0.2024,0.2227,0.2924,0.2275,20.25,11.67,33,0,0
17,17,S1,BASELINE,3,1003,14,0,448,4,32,0.2038,0.2007,0.162,0.1944,11.36,11.37,14,0,0
18,18,S1,BASELINE,3,1003,24,0,472,4,32,0.2257,0.187,0.1581,0.1986,15.72,11.4,24,0,0
19,19,S1,BASELINE,3,1003,18,0,490,4,32,0.2334,0.1873,0.1702,0.2046,10.08,11.39,18,0,0
20,20,S1,BASELINE,3,1003,17,0,507,4,32,0.2649,0.2098,0.1518,0.223,9.75,11.65,17,0,0
21,21,S1,BASELINE,3,1003,26,0,533,4,32,0.2223,0.1731,0.2194,0.2045,14.97,11.26,26,0,0
22,22,S1,BASELINE,3,1003,19,0,552,4,32,0.2267,0.1974,0.2461,0.2203,10.83,11.44,19,0,0
23,23,S1,BASELINE,3,1003,22,0,574,4,32,0.2191,0.2287,0.252,0.2291,12.31,11.88,22,0,0
24,24,S1,BASELINE,3,1003,35,0,609,4,32,0.4274,0.196,0.2206,0.3051,23.42,11.42,35,0,0
25,25,S1,BASELINE,3,1003,28,0,637,4,32,0.2076,0.2153,0.2287,0.2145,18.1,11.82,28,0,0
26,26,S1,BASELINE,3,1003,27,0,664,4,32,0.2032,0.1694,0.1532,0.1814,18.21,11.22,27,0,0
27,27,S1,BASELINE,3,1003,30,0,694,4,32,0.2027,0.1719,0.2153,0.1944,16.21,11.12,30,0,0
28,28,S1,BASELINE,3,1003,34,0,728,4,32,0.2119,0.2277,0.3361,0.2423,22.73,11.75,34,0,0
29,29,S1,BASELINE,3,1003,32,0,760,4,32,0.2169,0.2118,0.2637,0.2245,21.46,11.59,32,0,0
30,30,S1,BASELINE,3,1003,31,0,791,4,32,0.2118,0.2069,0.178,0.2033,14.8,11.54,31,0,0
31,31,S1,BASELINE,3,1003,30,0,821,4,32,0.1876,0.1769,0.2869,0.2037,18.15,11.21,30,0,0
32,32,S1,BASELINE,3,1003,28,0,849,4,32,0.2152,0.2156,0.2043,0.2131,16.43,11.7,28,0,0
33,33,S1,BASELINE,3,1003,18,0,867,4,32,0.1859,0.1748,0.1519,0.1753,10.93,11.14,18,0,0
34,34,S1,BASELINE,3,1003,15,0,882,4,32,0.1978,0.1921,0.134,0.183,9.38,11.29,15,0,0
35,35,S1,BASELINE,3,1003,23,0,905,4,32,0.2396,0.2321,0.2416,0.2374,10.63,12.06,23,0,0
36,36,S1,BASELINE,3,1003,19,0,924,4,32,0.1644,0.2331,0.1815,0.1919,10.56,11.75,19,0,0
37,37,S1,BASELINE,3,1003,30,0,954,4,32,0.2345,0.229,0.2624,0.2382,18.15,11.8,30,0,0
38,38,S1,BASELINE,3,1003,23,0,977,4,32,0.2806,0.1951,0.099,0.2144,13.45,11.61,23,0,0
39,39,S1,BASELINE,3,1003,25,0,1002,4,32,0.1985,0.1925,0.1795,0.1926,13.44,11.49,25,0,0
40,40,S1,BASELINE,3,1003,21,0,1023,4,32,0.2187,0.1932,0.2362,0.2133,14.01,11.39,21,0,0
41,41,S1,BASELINE,3,1003,18,0,1041,4,32,0.2411,0.2023,0.2019,0.2197,9.7,11.65,18,0,0
42,42,S1,BASELINE,3,1003,17,0,1058,4,32,0.2369,0.2107,0.1989,0.2201,10.07,11.66,17,0,0
43,43,S1,BASELINE,3,1003,25,0,1083,4,32,0.2037,0.2062,0.2189,0.2076,13.65,11.61,25,0,0
44,44,S1,BASELINE,3,1003,25,0,1108,4,32,0.2366,0.2213,0.1694,0.2178,10.33,11.64,25,0,0
45,45,S1,BASELINE,3,1003,21,0,1129,4,32,0.2175,0.2166,0.2549,0.2247,11.95,11.57,21,0,0
46,46,S1,BASELINE,3,1003,26,0,1155,4,32,0.2517,0.2026,0.2022,0.2246,17.75,11.27,26,0,0
47,47,S1,BASELINE,3,1003,26,0,1181,4,32,0.245,0.2209,0.1839,0.2243,15.51,11.6,26,0,0
48,48,S1,BASELINE,3,1003,19,0,1200,4,32,0.2042,0.1984,0.2526,0.2119,9.36,11.39,19,0,0
49,49,S1,BASELINE,3,1003,24,0,1224,4,32,0.2707,0.1983,0.1968,0.2306,16.48,11.48,24,0,0
50,50,S1,BASELINE,3,1003,35,0,1259,4,32,0.1931,0.2316,0.2241,0.2128,18.78,11.82,35,0,0
51,51,S1,BASELINE,3,1003,19,0,1278,4,32,0.1893,0.2228,0.1592,0.195,10.31,11.9,19,0,0
52,52,S1,BASELINE,3,1003,20,0,1298,4,32,0.2013,0.1799,0.2132,0.1962,11.02,11.18,20,0,0
53,53,S1,BASELINE,3,1003,28,0,1326,4,32,0.4537,0.2227,0.2075,0.3236,13.34,12.13,28,0,0
54,54,S1,BASELINE,3,1003,27,0,1353,4,32,0.1834,0.2098,0.1958,0.1951,16.54,11.71,27,0,0
55,55,S1,BASELINE,3,1003,22,0,1375,4,32,0.1911,0.1896,0.1931,0.191,13.19,11.76,22,0,0
56,56,S1,BASELINE,3,1003,18,0,1393,4,32,0.221,0.2369,0.2119,0.2247,10.92,12.1,18,0,0
57,57,S1,BASELINE,3,1003,30,0,1423,4,32,0.1814,0.191,0.1845,0.1854,17.27,11.38,30,0,0
58,58,S1,BASELINE,3,1003,26,0,1449,4,32,0.2461,0.1949,0.2175,0.2225,15.97,11.41,26,0,0
59,59,S1,BASELINE,3,1003,26,0,1475,4,32,0.2717,0.2175,0.1808,0.2345,13.76,11.48,26,0,0
60,60,S1,BASELINE,3,1003,15,0,1490,4,32,0.2015,0.2206,0.1756,0.203,7.29,11.81,15,0,0
61,61,S1,BASELINE,3,1003,29,0,1519,4,32,0.1893,0.2092,0.227,0.2038,14.69,11.58,29,0,0
0,0,S1,SAMCS,3,1003,33,0,33,6,32,0.1996,0.2341,0.2386,0.2195,18.19,11.99,33,1.265,1.265
1,2.26,S1,SAMCS,3,1003,25,0,58,6,32,0.269,0.1756,0.1506,0.2126,8.84,10.95,25,0.015,1.28
2,3.28,S1,SAMCS,3,1003,27,0,85,6,32,0.1905,0.2642,0.192,0.2166,9.32,12.52,27,0.015,1.295
3,4.29,S1,SAMCS,3,1003,26,0,111,6,32,0.2756,0.2132,0.1576,0.2302,6.71,11.54,26,0.015,1.31
4,5.31,S1,SAMCS,3,1003,25,0,136,8,32,0.2158,0.227,0.2022,0.217,15.06,11.84,25,1.265,2.575
5,7.57,S1,SAMCS,3,1003,23,0,159,8,32,0.2373,0.1942,0.1382,0.2024,8.23,11.42,23,0.015,2.59
6,8.59,S1,SAMCS,3,1003,26,0,185,8,32,0.1981,0.1976,0.1467,0.1877,8.69,11.82,26,0.015,2.605
7,9.6,S1,SAMCS,3,1003,34,0,219,8,32,0.219,0.2399,0.1511,0.2127,10.42,11.98,34,0.015,2.62
8,10.62,S1,SAMCS,3,1003,21,0,240,10,32,0.2161,0.2263,0.2273,0.2219,5.14,11.82,21,1.265,3.885
9,12.88,S1,SAMCS,3,1003,22,0,262,10,32,0.2137,0.2198,0.2331,0.2197,5,11.83,22,0.015,3.9
10,13.9,S1,SAMCS,3,1003,23,0,285,10,32,0.2467,0.2163,0.1731,0.2213,5,11.64,23,0.015,3.915
11,14.91,S1,SAMCS,3,1003,15,0,300,10,32,0.225,0.181,0.136,0.1918,5,11.35,15,0.015,3.93
12,15.93,S1,SAMCS,3,1003,22,0,322,12,32,0.2011,0.206,0.2304,0.2087,8.18,11.46,22,1.265,5.195
13,18.2,S1,SAMCS,3,1003,24,0,346,12,32,0.2355,0.2244,0.2284,0.2302,5,11.76,24,0.015,5.21
14,19.21,S1,SAMCS,3,1003,28,0,374,12,32,0.1591,0.2194,0.1748,0.1834,5,11.98,28,0.015,5.225
15,20.23,S1,SAMCS,3,1003,27,0,401,12,32,0.2029,0.2066,0.1539,0.1944,5.33,11.46,27,0.015,5.24
16,21.24,S1,SAMCS,3,1003,33,0,434,14,32,0.2024,0.2227,0.2483,0.2187,7.65,11.67,33,1.265,6.505
17,23.51,S1,SAMCS,3,1003,14,0,448,14,32,0.2038,0.2007,0.1419,0.1904,5.63,11.37,14,0.015,6.52
18,24.52,S1,SAMCS,3,1003,24,0,472,14,32,0.2257,0.187,0.1237,0.1918,5.9,11.4,24,0.015,6.535
19,25.54,S1,SAMCS,3,1003,18,0,490,14,32,0.2334,0.1873,0.1524,0.2011,5,11.39,18,0.015,6.55
20,26.55,S1,SAMCS,3,1003,17,0,507,16,32,0.2649,0.2098,0.1352,0.2197,5,11.65,17,1.265,7.815
21,28.82,S1,SAMCS,3,1003,26,0,533,16,32,0.2223,0.1731,0.1846,0.1975,5,11.26,26,0.015,7.83
22,29.83,S1,SAMCS,3,1003,19,0,552,16,32,0.2267,0.1974,0.2257,0.2162,5,11.44,19,0.015,7.845
23,30.85,S1,SAMCS,3,1003,22,0,574,16,32,0.2191,0.2287,0.2264,0.2239,5,11.88,22,0.015,7.86
24,31.86,S1,SAMCS,3,1003,35,0,609,16,32,0.4274,0.196,0.168,0.2945,8.38,11.42,35,0.015,7.875
25,32.88,S1,SAMCS,3,1003,28,0,637,16,32,0.2076,0.2153,0.1866,0.2061,6.07,11.82,28,0.015,7.89
26,33.89,S1,SAMCS,3,1003,27,0,664,16,32,0.2032,0.1694,0.1126,0.1732,6.61,11.22,27,0.015,7.905
27,34.91,S1,SAMCS,3,1003,30,0,694,16,32,0.2027,0.1719,0.176,0.1866,5,11.12,30,0.015,7.92
28,35.92,S1,SAMCS,3,1003,34,0,728,16,32,0.2119,0.2277,0.285,0.2321,8.13,11.75,34,0.015,7.935
29,36.94,S1,SAMCS,3,1003,32,0,760,16,32,0.2169,0.2118,0.2156,0.2149,7.71,11.59,32,0.015,7.95
30,37.95,S1,SAMCS,3,1003,31,0,791,16,32,0.2118,0.2069,0.1437,0.1965,5,11.54,31,0.015,7.965
31,38.97,S1,SAMCS,3,1003,30,0,821,16,32,0.1876,0.1769,0.2418,0.1947,5.26,11.21,30,0.015,7.98
32,39.98,S1,SAMCS,3,1003,28,0,849,16,32,0.2152,0.2156,0.1642,0.2051,5,11.7,28,0.015,7.995
33,41,S1,SAMCS,3,1003,18,0,867,16,32,0.1859,0.1748,0.1312,0.1711,5,11.14,18,0.015,8.01
34,42.01,S1,SAMCS,3,1003,15,0,882,16,32,0.1978,0.1921,0.1187,0.18,5,11.29,15,0.015,8.025
35,43.03,S1,SAMCS,3,1003,23,0,905,16,32,0.2396,0.2321,0.2219,0.2334,5,12.06,23,0.015,8.04
36,44.04,S1,SAMCS,3,1003,19,0,924,16,32,0.1644,0.2331,0.1621,0.188,5,11.75,19,0.015,8.055
37,45.06,S1,SAMCS,3,1003,30,0,954,16,32,0.2345,0.229,0.2173,0.2291,5.26,11.8,30,0.015,8.07
38,46.07,S1,SAMCS,3,1003,23,0,977,16,32,0.2806,0.1951,0.0694,0.2085,5,11.61,23,0.015,8.085
39,47.09,S1,SAMCS,3,1003,25,0,1002,16,32,0.1985,0.1925,0.15,0.1867,5,11.49,25,0.015,8.1
40,48.1,S1,SAMCS,3,1003,21,0,1023,16,32,0.2187,0.1932,0.2046,0.207,5,11.39,21,0.015,8.115
41,49.12,S1,SAMCS,3,1003,18,0,1041,16,32,0.2411,0.2023,0.1855,0.2164,5,11.65,18,0.015,8.13
42,50.13,S1,SAMCS,3,1003,17,0,1058,16,32,0.2369,0.2107,0.1812,0.2166,5,11.66,17,0.015,8.145
43,51.15,S1,SAMCS,3,1003,25,0,1083,16,32,0.2037,0.2062,0.1886,0.2015,5,11.61,25,0.015,8.16
44,52.16,S1,SAMCS,3,1003,25,0,1108,16,32,0.2366,0.2213,0.1508,0.2141,5,11.64,25,0.015,8.175
45,53.18,S1,SAMCS,3,1003,21,0,1129,16,32,0.2175,0.2166,0.2306,0.2198,5,11.57,21,0.015,8.19
46,54.19,S1,SAMCS,3,1003,26,0,1155,16,32,0.2517,0.2026,0.1631,0.2168,6.59,11.27,26,0.015,8.205
47,55.21,S1,SAMCS,3,1003,26,0,1181,16,32,0.245,0.2209,0.1471,0.217,5,11.6,26,0.015,8.22
48,56.22,S1,SAMCS,3,1003,19,0,1200,16,32,0.2042,0.1984,0.2374,0.2088,5,11.39,19,0.015,8.235
49,57.24,S1,SAMCS,3,1003,24,0,1224,16,32,0.2707,0.1983,0.1607,0.2234,6.17,11.48,24,0.015,8.25
50,58.25,S1,SAMCS,3,1003,35,0,1259,16,32,0.1931,0.2316,0.1759,0.2032,5,11.82,35,0.015,8.265
51,59.27,S1,SAMCS,3,1003,19,0,1278,16,32,0.1893,0.2228,0.1406,0.1913,5,11.9,19,0.015,8.28
52,60.28,S1,SAMCS,3,1003,20,0,1298,16,32,0.2013,0.1799,0.1921,0.192,5,11.18,20,0.015,8.295
53,61.3,S1,SAMCS,3,1003,28,0,1326,16,32,0.4537,0.2227,0.1783,0.3178,5,12.13,28,0.015,8.31
54,62.31,S1,SAMCS,3,1003,27,0,1353,16,32,0.1834,0.2098,0.1554,0.187,5,11.71,27,0.015,8.325
55,63.33,S1,SAMCS,3,1003,22,0,1375,16,32,0.1911,0.1896,0.1644,0.1853,5,11.76,22,0.015,8.34
56,64.34,S1,SAMCS,3,1003,18,0,1393,16,32,0.221,0.2369,0.1911,0.2206,5,12.1,18,0.015,8.355
57,65.36,S1,SAMCS,3,1003,30,0,1423,16,32,0.1814,0.191,0.1416,0.1768,5,11.38,30,0.015,8.37
58,66.37,S1,SAMCS,3,1003,26,0,1449,16,32,0.2461,0.1949,0.1792,0.2148,5,11.41,26,0.015,8.385
59,67.39,S1,SAMCS,3,1003,26,0,1475,16,32,0.2717,0.2175,0.1501,0.2284,5,11.48,26,0.015,8.4
60,68.4,S1,SAMCS,3,1003,15,0,1490,16,32,0.2015,0.2206,0.1676,0.2014,5,11.81,15,0.015,8.415
61,69.42,S1,SAMCS,3,1003,29,0,1519,16,32,0.1893,0.2092,0.1931,0.197,5,11.58,29,0.015,8.43
0,0,S2,BASELINE,1,1001,66,0,66,4,32,0.8472,0.777,0.3148,0.7162,39.42,19.26,66,0,0
1,1,S2,BASELINE,1,1001,68,0,134,4,32,0.8275,0.7628,0.2964,0.6986,37.68,19.37,68,0,0
2,2,S2,BASELINE,1,1001,66,0,200,4,32,0.8311,0.7834,0.2426,0.6967,33.19,19.67,66,0,0
3,3,S2,BASELINE,1,1001,83,0,283,4,32,0.8173,0.7833,0.281,0.6981,47.84,19.4,83,0,0
4,4,S2,BASELINE,1,1001,75,0,358,4,32,0.8121,0.7581,0.3542,0.7016,45.51,19.26,75,0,0
5,5,S2,BASELINE,1,1001,66,0,424,4,32,0.8051,0.7772,0.2756,0.6894,38.44,19.45,66,0,0
6,6,S2,BASELINE,1,1001,82,0,506,4,32,0.7994,0.8022,0.3441,0.7094,49.17,19.56,82,0,0
7,7,S2,BASELINE,1,1001,75,0,581,4,32,0.7838,0.806,0.2534,0.6855,45.17,20.04,75,0,0
8,8,S2,BASELINE,1,1001,80,0,661,4,32,0.8001,0.7929,0.4006,0.7177,47.21,19.58,80,0,0
9,9,S2,BASELINE,1,1001,76,0,737,4,32,0.7879,0.788,0.2643,0.6832,43.87,19.66,76,0,0
10,10,S2,BASELINE,1,1001,82,0,819,4,32,0.8151,0.7781,0.3477,0.7087,50.11,19.53,82,0,0
11,11,S2,BASELINE,1,1001,66,0,885,4,32,0.8364,0.8046,0.2344,0.7049,38.99,19.69,66,0,0
12,12,S2,BASELINE,1,1001,81,0,966,4,32,0.8524,0.7544,0.2724,0.7021,47.21,19.09,81,0,0
13,13,S2,BASELINE,1,1001,72,0,1038,4,32,0.7892,0.7584,0.2558,0.6717,38.72,19.16,72,0,0
14,14,S2,BASELINE,1,1001,77,0,1115,4,32,0.8099,0.7823,0.3609,0.7104,45.84,19.56,77,0,0
15,15,S2,BASELINE,1,1001,81,0,1196,4,32,0.857,0.7607,0.35,0.7219,48.31,19.16,81,0,0
16,16,S2,BASELINE,1,1001,96,0,1292,4,32,0.8149,0.8231,0.3817,0.7311,54.22,20.17,96,0,0
17,17,S2,BASELINE,1,1001,64,0,1356,4,32,0.8112,0.7679,0.2949,0.6928,40.93,19.32,64,0,0
18,18,S2,BASELINE,1,1001,77,0,1433,4,32,0.8126,0.811,0.2744,0.7044,43.98,19.88,77,0,0
19,19,S2,BASELINE,1,1001,76,0,1509,4,32,0.7974,0.7849,0.2298,0.6795,44.56,19.62,76,0,0
20,20,S2,BASELINE,1,1001,65,0,1574,4,32,0.7925,0.7921,0.2584,0.6856,34.74,19.75,65,0,0
21,21,S2,BASELINE,1,1001,69,0,1643,4,32,0.8027,0.7622,0.2761,0.6832,39.27,19.19,69,0,0
22,22,S2,BASELINE,1,1001,83,0,1726,4,32,0.8247,0.8089,0.2963,0.7135,46.45,19.9,83,0,0
23,23,S2,BASELINE,1,1001,63,0,1789,4,32,0.8188,0.8122,0.2745,0.7076,38.16,19.91,63,0,0
24,24,S2,BASELINE,1,1001,85,0,1874,4,32,0.846,0.7748,0.2565,0.7032,47.13,19.53,85,0,0
25,25,S2,BASELINE,1,1001,78,0,1952,4,32,0.8112,0.7986,0.3122,0.707,45.2,19.59,78,0,0
26,26,S2,BASELINE,1,1001,78,0,2030,4,32,0.7797,0.7781,0.2905,0.6813,46.45,19.59,78,0,0
27,27,S2,BASELINE,1,1001,79,0,2109,4,32,0.8409,0.8046,0.2928,0.7186,43.31,19.77,79,0,0
28,28,S2,BASELINE,1,1001,87,0,2196,4,32,0.8362,0.7773,0.2757,0.7035,49.15,19.48,87,0,0
29,29,S2,BASELINE,1,1001,101,0,2297,4,32,0.8453,0.7899,0.4113,0.7391,58.57,19.51,101,0,0
30,30,S2,BASELINE,1,1001,67,0,2364,4,32,0.8565,0.7811,0.2874,0.7163,38.66,19.42,67,0,0
31,31,S2,BASELINE,1,1001,99,0,2463,4,32,0.8274,0.7737,0.3903,0.7212,57.1,19.53,99,0,0
32,32,S2,BASELINE,1,1001,59,0,2522,4,32,0.809,0.7856,0.2314,0.6853,31.38,19.4,59,0,0
33,33,S2,BASELINE,1,1001,63,0,2585,4,32,0.8117,0.7814,0.2662,0.692,33.64,19.27,63,0,0
34,34,S2,BASELINE,1,1001,91,0,2676,4,32,0.8443,0.8011,0.2655,0.7134,51.93,19.68,91,0,0
35,35,S2,BASELINE,1,1001,71,0,2747,4,32,0.7951,0.7579,0.2297,0.669,37.31,19.27,71,0,0
36,36,S2,BASELINE,1,1001,77,0,2824,4,32,0.7962,0.7897,0.321,0.6989,41.05,19.73,77,0,0
37,37,S2,BASELINE,1,1001,89,0,2913,4,32,0.8348,0.8185,0.3314,0.7284,51.58,20.08,89,0,0
38,38,S2,BASELINE,1,1001,65,0,2978,4,32,0.8548,0.7793,0.3447,0.7264,38.56,19.45,65,0,0
39,39,S2,BASELINE,1,1001,64,0,3042,4,32,0.8063,0.745,0.2709,0.6778,35.84,19.11,64,0,0
40,40,S2,BASELINE,1,1001,64,0,3106,4,32,0.8467,0.7478,0.2956,0.7018,37.3,19.03,64,0,0
41,41,S2,BASELINE,1,1001,71,0,3177,4,32,0.7509,0.7773,0.2601,0.662,40.94,19.63,71,0,0
42,42,S2,BASELINE,1,1001,79,0,3256,4,32,0.8012,0.7806,0.2531,0.6844,44.96,19.57,79,0,0
43,43,S2,BASELINE,1,1001,63,0,3319,4,32,0.7556,0.7865,0.2626,0.6678,34.29,19.51,63,0,0
44,44,S2,BASELINE,1,1001,75,0,3394,4,32,0.8158,0.792,0.2943,0.7032,43.88,19.46,75,0,0
45,45,S2,BASELINE,1,1001,69,0,3463,4,32,0.8218,0.7673,0.2868,0.6958,41.9,19.34,69,0,0
46,46,S2,BASELINE,1,1001,78,0,3541,4,32,1,0.7936,0.3474,0.7972,46.55,19.82,78,0,0
47,47,S2,BASELINE,1,1001,77,0,3618,4,32,0.8361,0.7575,0.3063,0.7027,41.98,19.15,77,0,0
48,48,S2,BASELINE,1,1001,78,0,3696,4,32,0.8367,0.7308,0.3169,0.6957,47.55,18.59,78,0,0
49,49,S2,BASELINE,1,1001,71,0,3767,4,32,0.79,0.7617,0.3135,0.6848,40.47,19.33,71,0,0
50,50,S2,BASELINE,1,1001,69,0,3836,4,32,0.7922,0.7986,0.3278,0.7015,39.69,19.83,69,0,0
51,51,S2,BASELINE,1,1001,72,0,3908,4,32,0.8048,0.769,0.3076,0.6928,39.81,19.4,72,0,0
52,52,S2,BASELINE,1,1001,87,0,3995,4,32,1,0.8294,0.2908,0.7984,49.81,20.13,87,0,0
53,53,S2,BASELINE,1,1001,63,0,4058,4,32,0.8196,0.7986,0.343,0.7169,35.3,19.9,63,0,0
54,54,S2,BASELINE,1,1001,79,0,4137,4,32,0.8776,0.8347,0.3729,0.7616,43.9,20.13,79,0,0
55,55,S2,BASELINE,1,1001,72,0,4209,4,32,0.7665,0.7701,0.2789,0.6702,39.63,19.38,72,0,0
56,56,S2,BASELINE,1,1001,71,0,4280,4,32,0.8576,0.7814,0.2422,0.7078,41.69,19.71,71,0,0
57,57,S2,BASELINE,1,1001,78,0,4358,4,32,0.8116,0.7724,0.2817,0.6919,39.56,19.36,78,0,0
58,58,S2,BASELINE,1,1001,73,0,4431,4,32,0.8172,0.792,0.2803,0.701,39.08,19.75,73,0,0
59,59,S2,BASELINE,1,1001,74,0,4505,4,32,0.8321,0.82,0.3467,0.7308,40.16,20.08,74,0,0
0,0,S2,SAMCS,1,1001,66,0,66,6,32,0.8472,0.777,0.3148,0.7162,39.42,19.26,66,1.265,1.265
1,2.26,S2,SAMCS,1,1001,68,0,134,6,32,0.8275,0.7628,0.2509,0.6896,24.7,19.37,68,0.015,1.28
2,3.28,S2,SAMCS,1,1001,66,0,200,6,32,0.8311,0.7834,0.1985,0.6879,20.59,19.67,66,0.015,1.295
3,4.29,S2,SAMCS,1,1001,83,0,283,6,32,0.8173,0.7833,0.2256,0.6871,31.99,19.4,83,0.015,1.31
4,5.31,S2,SAMCS,1,1001,75,0,358,8,32,0.8121,0.7581,0.3041,0.6916,31.2,19.26,75,1.265,2.575
5,7.57,S2,SAMCS,1,1001,66,0,424,8,32,0.8051,0.7772,0.2095,0.6762,19.54,19.45,66,0.015,2.59
6,8.59,S2,SAMCS,1,1001,82,0,506,8,32,0.7994,0.8022,0.2619,0.6929,25.69,19.56,82,0.015,2.605
7,9.6,S2,SAMCS,1,1001,75,0,581,8,32,0.7838,0.806,0.1782,0.6704,23.69,20.04,75,0.015,2.62
8,10.62,S2,SAMCS,1,1001,80,0,661,10,32,0.8001,0.7929,0.3204,0.7017,24.3,19.58,80,1.265,3.885
9,12.88,S2,SAMCS,1,1001,76,0,737,10,32,0.7879,0.788,0.1729,0.665,17.76,19.66,76,0.015,3.9
10,13.9,S2,SAMCS,1,1001,82,0,819,10,32,0.8151,0.7781,0.249,0.689,21.93,19.53,82,0.015,3.915
11,14.91,S2,SAMCS,1,1001,66,0,885,10,32,0.8364,0.8046,0.155,0.689,16.31,19.69,66,0.015,3.93
12,15.93,S2,SAMCS,1,1001,81,0,966,12,32,0.8524,0.7544,0.175,0.6826,19.38,19.09,81,1.265,5.195
13,18.2,S2,SAMCS,1,1001,72,0,1038,12,32,0.7892,0.7584,0.1595,0.6525,11.22,19.16,72,0.015,5.21
14,19.21,S2,SAMCS,1,1001,77,0,1115,12,32,0.8099,0.7823,0.258,0.6899,16.43,19.56,77,0.015,5.225
15,20.23,S2,SAMCS,1,1001,81,0,1196,12,32,0.857,0.7607,0.2418,0.7003,17.38,19.16,81,0.015,5.24
16,21.24,S2,SAMCS,1,1001,96,0,1292,14,32,0.8149,0.8231,0.2534,0.7055,17.56,20.17,96,1.265,6.505
17,23.51,S2,SAMCS,1,1001,64,0,1356,14,32,0.8112,0.7679,0.2033,0.6745,14.75,19.32,64,0.015,6.52
18,24.52,S2,SAMCS,1,1001,77,0,1433,14,32,0.8126,0.811,0.1641,0.6824,12.48,19.88,77,0.015,6.535
19,25.54,S2,SAMCS,1,1001,76,0,1509,14,32,0.7974,0.7849,0.1209,0.6577,13.46,19.62,76,0.015,6.55
20,26.55,S2,SAMCS,1,1001,65,0,1574,16,32,0.7925,0.7921,0.1653,0.6669,8.15,19.75,65,1.265,7.815
21,28.82,S2,SAMCS,1,1001,69,0,1643,16,32,0.8027,0.7622,0.1724,0.6625,9.62,19.19,69,0.015,7.83
22,29.83,S2,SAMCS,1,1001,83,0,1726,16,32,0.8247,0.8089,0.1715,0.6886,10.79,19.9,83,0.015,7.845
23,30.85,S2,SAMCS,1,1001,63,0,1789,16,32,0.8188,0.8122,0.1798,0.6887,11.09,19.91,63,0.015,7.86
24,31.86,S2,SAMCS,1,1001,85,0,1874,16,24,0.846,0.7748,0.1287,0.6776,10.61,19.53,85,0.315,8.175
25,33.18,S2,SAMCS,1,1001,78,0,1952,16,24,0.8112,0.7986,0.1959,0.6837,11.96,19.59,78,0.015,8.19
26,34.19,S2,SAMCS,1,1001,78,0,2030,16,24,0.7797,0.7781,0.1741,0.658,13.21,19.59,78,0.015,8.205
27,35.21,S2,SAMCS,1,1001,79,0,2109,16,24,0.8409,0.8046,0.175,0.695,9.65,19.77,79,0.015,8.22
28,36.22,S2,SAMCS,1,1001,87,0,2196,16,16,0.8362,0.7773,0.1459,0.6775,12.07,19.48,87,0.315,8.535
29,37.54,S2,SAMCS,1,1001,101,0,2297,16,16,0.8453,0.7899,0.2625,0.7094,16.05,19.51,101,0.015,8.55
30,38.55,S2,SAMCS,1,1001,67,0,2364,16,16,0.8565,0.7811,0.1887,0.6965,10.45,19.42,67,0.015,8.565
31,39.57,S2,SAMCS,1,1001,99,0,2463,16,16,0.8274,0.7737,0.2444,0.692,15.42,19.53,99,0.015,8.58
32,40.58,S2,SAMCS,1,1001,59,0,2522,16,16,0.809,0.7856,0.1445,0.6679,6.54,19.4,59,0.015,8.595
33,41.6,S2,SAMCS,1,1001,63,0,2585,16,16,0.8117,0.7814,0.1734,0.6734,7.11,19.27,63,0.015,8.61
34,42.61,S2,SAMCS,1,1001,91,0,2676,16,16,0.8443,0.8011,0.1314,0.6866,13.62,19.68,91,0.015,8.625
35,43.63,S2,SAMCS,1,1001,71,0,2747,16,16,0.7951,0.7579,0.125,0.6481,7.42,19.27,71,0.015,8.64
36,44.64,S2,SAMCS,1,1001,77,0,2824,16,16,0.7962,0.7897,0.2076,0.6762,8.63,19.73,77,0.015,8.655
37,45.66,S2,SAMCS,1,1001,89,0,2913,16,16,0.8348,0.8185,0.2002,0.7022,14.11,20.08,89,0.015,8.67
38,46.67,S2,SAMCS,1,1001,65,0,2978,16,16,0.8548,0.7793,0.2489,0.7072,11.2,19.45,65,0.015,8.685
39,47.69,S2,SAMCS,1,1001,64,0,3042,16,16,0.8063,0.745,0.1766,0.6589,8.9,19.11,64,0.015,8.7
40,48.7,S2,SAMCS,1,1001,64,0,3106,16,16,0.8467,0.7478,0.2013,0.683,10.36,19.03,64,0.015,8.715
41,49.72,S2,SAMCS,1,1001,71,0,3177,16,16,0.7509,0.7773,0.1555,0.6411,11.05,19.63,71,0.015,8.73
42,50.73,S2,SAMCS,1,1001,79,0,3256,16,16,0.8012,0.7806,0.1367,0.6611,11.7,19.57,79,0.015,8.745
43,51.75,S2,SAMCS,1,1001,63,0,3319,16,16,0.7556,0.7865,0.1697,0.6492,7.77,19.51,63,0.015,8.76
44,52.76,S2,SAMCS,1,1001,75,0,3394,16,16,0.8158,0.792,0.1837,0.6811,12.3,19.46,75,0.015,8.775
45,53.78,S2,SAMCS,1,1001,69,0,3463,16,16,0.8218,0.7673,0.1852,0.6754,12.85,19.34,69,0.015,8.79
46,54.79,S2,SAMCS,1,1001,78,0,3541,16,16,1,0.7936,0.2324,0.7743,13.71,19.82,78,0.015,8.805
47,55.81,S2,SAMCS,1,1001,77,0,3618,16,16,0.8361,0.7575,0.1929,0.68,9.56,19.15,77,0.015,8.82
48,56.82,S2,SAMCS,1,1001,78,0,3696,16,16,0.8367,0.7308,0.202,0.6727,14.71,18.59,78,0.015,8.835
49,57.84,S2,SAMCS,1,1001,71,0,3767,16,16,0.79,0.7617,0.2089,0.6639,10.58,19.33,71,0.015,8.85
50,58.85,S2,SAMCS,1,1001,69,0,3836,16,16,0.7922,0.7986,0.2262,0.6812,10.64,19.83,69,0.015,8.865
51,59.87,S2,SAMCS,1,1001,72,0,3908,16,16,0.8048,0.769,0.2015,0.6716,9.5,19.4,72,0.015,8.88
52,60.88,S2,SAMCS,1,1001,87,0,3995,16,16,1,0.8294,0.1626,0.7728,13.19,20.13,87,0.015,8.895
53,61.9,S2,SAMCS,1,1001,63,0,4058,16,16,0.8196,0.7986,0.2501,0.6984,8.78,19.9,63,0.015,8.91
54,62.91,S2,SAMCS,1,1001,79,0,4137,16,16,0.8776,0.8347,0.2565,0.7384,10.64,20.13,79,0.015,8.925
55,63.93,S2,SAMCS,1,1001,72,0,4209,16,16,0.7665,0.7701,0.1729,0.649,9.32,19.38,72,0.015,8.94
56,64.94,S2,SAMCS,1,1001,71,0,4280,16,16,0.8576,0.7814,0.1376,0.6869,11.8,19.71,71,0.015,8.955
57,65.96,S2,SAMCS,1,1001,78,0,4358,16,16,0.8116,0.7724,0.1667,0.6689,6.72,19.36,78,0.015,8.97
58,66.97,S2,SAMCS,1,1001,73,0,4431,16,16,0.8172,0.792,0.1728,0.6795,8.35,19.75,73,0.015,8.985
59,67.99,S2,SAMCS,1,1001,74,0,4505,16,16,0.8321,0.82,0.2376,0.709,9,20.08,74,0.015,9
0,0,S2,BASELINE,2,1002,66,0,66,4,32,0.7921,0.8087,0.2799,0.6955,40,20.03,66,0,0
1,1,S2,BASELINE,2,1002,79,0,145,4,32,1,0.8046,0.3344,0.7985,43.82,19.68,79,0,0
2,2,S2,BASELINE,2,1002,74,0,219,4,32,0.8106,0.7631,0.2587,0.6836,42.07,19.23,74,0,0
3,3,S2,BASELINE,2,1002,84,0,303,4,32,0.8418,0.7884,0.3896,0.7327,46.06,19.63,84,0,0
4,4,S2,BASELINE,2,1002,74,0,377,4,32,0.8884,0.7886,0.3593,0.7477,43.15,19.66,74,0,0
5,5,S2,BASELINE,2,1002,92,0,469,4,32,0.8013,0.8109,0.3006,0.7045,50.91,20.14,92,0,0
6,6,S2,BASELINE,2,1002,81,0,550,4,32,0.8523,0.7877,0.2731,0.7138,44.9,19.62,81,0,0
7,7,S2,BASELINE,2,1002,62,0,612,4,32,0.8149,0.8287,0.3036,0.7174,32.95,20.08,62,0,0
8,8,S2,BASELINE,2,1002,81,0,693,4,32,0.7421,0.7606,0.3373,0.6676,47.39,19.09,81,0,0
9,9,S2,BASELINE,2,1002,57,0,750,4,32,0.8781,0.7734,0.2388,0.7136,32.1,19.48,57,0,0
10,10,S2,BASELINE,2,1002,80,0,830,4,32,0.8197,0.7924,0.402,0.7266,45.22,19.66,80,0,0
11,11,S2,BASELINE,2,1002,69,0,899,4,32,0.8111,0.79,0.2428,0.6901,35.92,19.77,69,0,0
12,12,S2,BASELINE,2,1002,66,0,965,4,32,0.8517,0.817,0.2654,0.7223,33.22,20.2,66,0,0
13,13,S2,BASELINE,2,1002,74,0,1039,4,32,0.8176,0.828,0.3168,0.7211,42.07,20.07,74,0,0
14,14,S2,BASELINE,2,1002,78,0,1117,4,32,1,0.7677,0.3305,0.7848,46.35,19.28,78,0,0
15,15,S2,BASELINE,2,1002,85,0,1202,4,32,0.8293,0.7805,0.3779,0.7219,49.3,19.47,85,0,0
16,16,S2,BASELINE,2,1002,80,0,1282,4,32,0.7988,0.7976,0.3104,0.7007,44.3,19.87,80,0,0
17,17,S2,BASELINE,2,1002,79,0,1361,4,32,0.7772,0.7802,0.2741,0.6777,41.34,19.48,79,0,0
18,18,S2,BASELINE,2,1002,85,0,1446,4,32,0.8048,0.7839,0.3045,0.6974,48.01,19.7,85,0,0
19,19,S2,BASELINE,2,1002,74,0,1520,4,32,0.829,0.804,0.2839,0.7112,44.27,19.74,74,0,0
20,20,S2,BASELINE,2,1002,67,0,1587,4,32,0.8099,0.7855,0.3314,0.7057,42.01,19.46,67,0,0
21,21,S2,BASELINE,2,1002,80,0,1667,4,32,0.7771,0.7556,0.3574,0.6856,47.45,18.92,80,0,0
22,22,S2,BASELINE,2,1002,45,0,1712,4,32,0.8106,0.8043,0.1476,0.6758,23.31,19.81,45,0,0
23,23,S2,BASELINE,2,1002,77,0,1789,4,32,0.8291,0.788,0.2723,0.7034,45.61,19.6,77,0,0
24,24,S2,BASELINE,2,1002,81,0,1870,4,32,0.8512,0.7899,0.342,0.7279,45.88,19.49,81,0,0
25,25,S2,BASELINE,2,1002,75,0,1945,4,32,0.7561,0.7885,0.2964,0.6755,37.76,19.71,75,0,0
26,26,S2,BASELINE,2,1002,72,0,2017,4,32,0.8134,0.7795,0.2556,0.69,40.25,19.45,72,0,0
27,27,S2,BASELINE,2,1002,78,0,2095,4,32,0.8123,0.8129,0.2685,0.7037,44.86,20.1,78,0,0
28,28,S2,BASELINE,2,1002,61,0,2156,4,32,0.7796,0.7658,0.3026,0.6794,38.34,19.46,61,0,0
29,29,S2,BASELINE,2,1002,70,0,2226,4,32,0.8518,0.7888,0.2786,0.7151,41.61,19.67,70,0,0
30,30,S2,BASELINE,2,1002,70,0,2296,4,32,0.8056,0.7711,0.2042,0.6733,37.59,19.29,70,0,0
31,31,S2,BASELINE,2,1002,74,0,2370,4,32,0.8139,0.7497,0.2403,0.6767,42.06,18.93,74,0,0
32,32,S2,BASELINE,2,1002,84,0,2454,4,32,0.8318,0.7868,0.2879,0.7073,48.01,19.34,84,0,0
33,33,S2,BASELINE,2,1002,75,0,2529,4,32,0.8188,0.7521,0.3119,0.6941,41.62,19.14,75,0,0
34,34,S2,BASELINE,2,1002,72,0,2601,4,32,0.8593,0.7924,0.2751,0.719,39.37,19.61,72,0,0
35,35,S2,BASELINE,2,1002,79,0,2680,4,32,0.816,0.7864,0.2941,0.7012,41.69,19.68,79,0,0
36,36,S2,BASELINE,2,1002,72,0,2752,4,32,0.7961,0.782,0.3331,0.6985,42.35,19.69,72,0,0
37,37,S2,BASELINE,2,1002,66,0,2818,4,32,0.7853,0.7972,0.3747,0.7073,42.56,19.69,66,0,0
38,38,S2,BASELINE,2,1002,88,0,2906,4,32,0.743,0.7894,0.2941,0.6695,47.95,19.87,88,0,0
39,39,S2,BASELINE,2,1002,83,0,2989,4,32,0.8012,0.7887,0.3075,0.6981,46.77,19.41,83,0,0
40,40,S2,BASELINE,2,1002,78,0,3067,4,32,0.8543,0.7587,0.2865,0.7073,46.33,19.08,78,0,0
41,41,S2,BASELINE,2,1002,76,0,3143,4,32,0.8095,0.7473,0.337,0.6932,42.08,18.93,76,0,0
42,42,S2,BASELINE,2,1002,73,0,3216,4,32,0.7875,0.8115,0.3022,0.6988,39.95,19.97,73,0,0
43,43,S2,BASELINE,2,1002,79,0,3295,4,32,0.7817,0.7909,0.2817,0.6849,39.24,19.62,79,0,0
44,44,S2,BASELINE,2,1002,75,0,3370,4,32,0.7952,0.7797,0.3328,0.6973,44.68,19.46,75,0,0
45,45,S2,BASELINE,2,1002,69,0,3439,4,32,0.8584,0.7988,0.2721,0.7203,40.59,19.56,69,0,0
46,46,S2,BASELINE,2,1002,90,0,3529,4,32,0.8427,0.7787,0.3777,0.7273,50.99,19.59,90,0,0
47,47,S2,BASELINE,2,1002,68,0,3597,4,32,0.8625,0.7769,0.3275,0.7255,39.98,19.51,68,0,0
48,48,S2,BASELINE,2,1002,71,0,3668,4,32,0.8958,0.7741,0.2517,0.7244,37.54,19.31,71,0,0
49,49,S2,BASELINE,2,1002,80,0,3748,4,32,0.822,0.758,0.2492,0.6851,42.02,19.14,80,0,0
50,50,S2,BASELINE,2,1002,88,0,3836,4,32,0.8011,0.7585,0.3403,0.694,53.78,19.05,88,0,0
51,51,S2,BASELINE,2,1002,83,0,3919,4,32,0.8011,0.8074,0.3299,0.7091,45.84,19.95,83,0,0
52,52,S2,BASELINE,2,1002,84,0,4003,4,32,0.8267,0.8106,0.2998,0.7157,47.07,19.79,84,0,0
53,53,S2,BASELINE,2,1002,81,0,4084,4,32,0.833,0.7911,0.2878,0.7093,44.1,19.34,81,0,0
54,54,S2,BASELINE,2,1002,80,0,4164,4,32,0.7881,0.8137,0.2933,0.6981,46.64,20.1,80,0,0
55,55,S2,BASELINE,2,1002,78,0,4242,4,32,0.7857,0.7926,0.2918,0.6893,43.54,19.72,78,0,0
56,56,S2,BASELINE,2,1002,76,0,4318,4,32,0.7797,0.7509,0.2413,0.6619,42.21,19.17,76,0,0
57,57,S2,BASELINE,2,1002,79,0,4397,4,32,0.7869,0.7664,0.3299,0.6883,45.89,19.24,79,0,0
58,58,S2,BASELINE,2,1002,74,0,4471,4,32,0.8287,0.7749,0.328,0.7097,42.53,19.4,74,0,0
59,59,S2,BASELINE,2,1002,78,0,4549,4,32,0.7823,0.7898,0.3327,0.695,43.95,19.68,78,0,0
0,0,S2,SAMCS,2,1002,66,0,66,6,32,0.7921,0.8087,0.2799,0.6955,40,20.03,66,1.265,1.265
1,2.26,S2,SAMCS,2,1002,79,0,145,6,32,1,0.8046,0.2816,0.7879,28.73,19.68,79,0.015,1.28
2,3.28,S2,SAMCS,2,1002,74,0,219,6,32,0.8106,0.7631,0.2093,0.6737,27.94,19.23,74,0.015,1.295
3,4.29,S2,SAMCS,2,1002,84,0,303,6,32,0.8418,0.7884,0.3335,0.7214,30.03,19.63,84,0.015,1.31
4,5.31,S2,SAMCS,2,1002,74,0,377,8,32,0.8884,0.7886,0.3098,0.7378,29.02,19.66,74,1.265,2.575
5,7.57,S2,SAMCS,2,1002,92,0,469,8,32,0.8013,0.8109,0.2084,0.6861,24.56,20.14,92,0.015,2.59
6,8.59,S2,SAMCS,2,1002,81,0,550,8,32,0.8523,0.7877,0.1919,0.6976,21.7,19.62,81,0.015,2.605
7,9.6,S2,SAMCS,2,1002,62,0,612,8,32,0.8149,0.8287,0.2415,0.705,15.2,20.08,62,0.015,2.62
8,10.62,S2,SAMCS,2,1002,81,0,693,10,32,0.7421,0.7606,0.2561,0.6514,24.2,19.09,81,1.265,3.885
9,12.88,S2,SAMCS,2,1002,57,0,750,10,32,0.8781,0.7734,0.1703,0.6999,12.51,19.48,57,0.015,3.9
10,13.9,S2,SAMCS,2,1002,80,0,830,10,32,0.8197,0.7924,0.3058,0.7074,17.72,19.66,80,0.015,3.915
11,14.91,S2,SAMCS,2,1002,69,0,899,10,32,0.8111,0.79,0.1598,0.6735,12.2,19.77,69,0.015,3.93
12,15.93,S2,SAMCS,2,1002,66,0,965,12,32,0.8517,0.817,0.186,0.7064,10.54,20.2,66,1.265,5.195
13,18.2,S2,SAMCS,2,1002,74,0,1039,12,32,0.8176,0.828,0.2179,0.7013,13.82,20.07,74,0.015,5.21
14,19.21,S2,SAMCS,2,1002,78,0,1117,12,32,1,0.7677,0.2263,0.7639,16.56,19.28,78,0.015,5.225
15,20.23,S2,SAMCS,2,1002,85,0,1202,12,32,0.8293,0.7805,0.2643,0.6992,16.84,19.47,85,0.015,5.24
16,21.24,S2,SAMCS,2,1002,80,0,1282,14,32,0.7988,0.7976,0.2035,0.6793,13.75,19.87,80,1.265,6.505
17,23.51,S2,SAMCS,2,1002,79,0,1361,14,32,0.7772,0.7802,0.161,0.655,9.02,19.48,79,0.015,6.52
18,24.52,S2,SAMCS,2,1002,85,0,1446,14,32,0.8048,0.7839,0.1828,0.6731,13.23,19.7,85,0.015,6.535
19,25.54,S2,SAMCS,2,1002,74,0,1520,14,32,0.829,0.804,0.1779,0.69,13.99,19.74,74,0.015,6.55
20,26.55,S2,SAMCS,2,1002,67,0,1587,16,32,0.8099,0.7855,0.2355,0.6865,14.6,19.46,67,1.265,7.815
21,28.82,S2,SAMCS,2,1002,80,0,1667,16,32,0.7771,0.7556,0.2371,0.6616,13.08,18.92,80,0.015,7.83
22,29.83,S2,SAMCS,2,1002,45,0,1712,16,32,0.8106,0.8043,0.0835,0.663,5,19.81,45,0.015,7.845
23,30.85,S2,SAMCS,2,1002,77,0,1789,16,32,0.8291,0.788,0.1565,0.6802,12.54,19.6,77,0.015,7.86
24,31.86,S2,SAMCS,2,1002,81,0,1870,16,24,0.8512,0.7899,0.2202,0.7035,11.08,19.49,81,0.315,8.175
25,33.18,S2,SAMCS,2,1002,75,0,1945,16,24,0.7561,0.7885,0.1845,0.6531,5.8,19.71,75,0.015,8.19
26,34.19,S2,SAMCS,2,1002,72,0,2017,16,24,0.8134,0.7795,0.1482,0.6685,9.57,19.45,72,0.015,8.205
27,35.21,S2,SAMCS,2,1002,78,0,2095,16,24,0.8123,0.8129,0.1522,0.6805,11.62,20.1,78,0.015,8.22
28,36.22,S2,SAMCS,2,1002,61,0,2156,16,16,0.7796,0.7658,0.2116,0.6612,12.35,19.46,61,0.315,8.535
29,37.54,S2,SAMCS,2,1002,70,0,2226,16,16,0.8518,0.7888,0.1754,0.6945,12.14,19.67,70,0.015,8.55
30,38.55,S2,SAMCS,2,1002,70,0,2296,16,16,0.8056,0.7711,0.101,0.6526,8.12,19.29,70,0.015,8.565
31,39.57,S2,SAMCS,2,1002,74,0,2370,16,16,0.8139,0.7497,0.1312,0.6549,10.91,18.93,74,0.015,8.58
32,40.58,S2,SAMCS,2,1002,84,0,2454,16,16,0.8318,0.7868,0.1641,0.6825,12.65,19.34,84,0.015,8.595
33,41.6,S2,SAMCS,2,1002,75,0,2529,16,16,0.8188,0.7521,0.2014,0.672,10.04,19.14,75,0.015,8.61
34,42.61,S2,SAMCS,2,1002,72,0,2601,16,16,0.8593,0.7924,0.169,0.6978,9.06,19.61,72,0.015,8.625
35,43.63,S2,SAMCS,2,1002,79,0,2680,16,16,0.816,0.7864,0.1777,0.678,8.43,19.68,79,0.015,8.64
36,44.64,S2,SAMCS,2,1002,72,0,2752,16,16,0.7961,0.782,0.227,0.6773,12.04,19.69,72,0.015,8.655
37,45.66,S2,SAMCS,2,1002,66,0,2818,16,16,0.7853,0.7972,0.2775,0.6879,14.77,19.69,66,0.015,8.67
38,46.67,S2,SAMCS,2,1002,88,0,2906,16,16,0.743,0.7894,0.1645,0.6435,10.9,19.87,88,0.015,8.685
39,47.69,S2,SAMCS,2,1002,83,0,2989,16,16,0.8012,0.7887,0.1852,0.6736,11.83,19.41,83,0.015,8.7
40,48.7,S2,SAMCS,2,1002,78,0,3067,16,16,0.8543,0.7587,0.1716,0.6843,13.49,19.08,78,0.015,8.715
41,49.72,S2,SAMCS,2,1002,76,0,3143,16,16,0.8095,0.7473,0.225,0.6708,10.09,18.93,76,0.015,8.73
42,50.73,S2,SAMCS,2,1002,73,0,3216,16,16,0.7875,0.8115,0.1946,0.6773,9.22,19.97,73,0.015,8.745
43,51.75,S2,SAMCS,2,1002,79,0,3295,16,16,0.7817,0.7909,0.1653,0.6616,5.98,19.62,79,0.015,8.76
44,52.76,S2,SAMCS,2,1002,75,0,3370,16,16,0.7952,0.7797,0.2222,0.6752,13.11,19.46,75,0.015,8.775
45,53.78,S2,SAMCS,2,1002,69,0,3439,16,16,0.8584,0.7988,0.1704,0.7,11.54,19.56,69,0.015,8.79
46,54.79,S2,SAMCS,2,1002,90,0,3529,16,16,0.8427,0.7787,0.2451,0.7008,13.1,19.59,90,0.015,8.805
47,55.81,S2,SAMCS,2,1002,68,0,3597,16,16,0.8625,0.7769,0.2273,0.7055,11.36,19.51,68,0.015,8.82
48,56.82,S2,SAMCS,2,1002,71,0,3668,16,16,0.8958,0.7741,0.1471,0.7034,7.65,19.31,71,0.015,8.835
49,57.84,S2,SAMCS,2,1002,80,0,3748,16,16,0.822,0.758,0.1313,0.6615,8.34,19.14,80,0.015,8.85
50,58.85,S2,SAMCS,2,1002,88,0,3836,16,16,0.8011,0.7585,0.2106,0.6681,16.74,19.05,88,0.015,8.865
51,59.87,S2,SAMCS,2,1002,83,0,3919,16,16,0.8011,0.8074,0.2076,0.6846,10.9,19.95,83,0.015,8.88
52,60.88,S2,SAMCS,2,1002,84,0,4003,16,16,0.8267,0.8106,0.176,0.6909,11.71,19.79,84,0.015,8.895
53,61.9,S2,SAMCS,2,1002,81,0,4084,16,16,0.833,0.7911,0.1684,0.6854,10,19.34,81,0.015,8.91
54,62.91,S2,SAMCS,2,1002,80,0,4164,16,16,0.7881,0.8137,0.1754,0.6745,12.96,20.1,80,0.015,8.925
55,63.93,S2,SAMCS,2,1002,78,0,4242,16,16,0.7857,0.7926,0.1769,0.6663,10.7,19.72,78,0.015,8.94
56,64.94,S2,SAMCS,2,1002,76,0,4318,16,16,0.7797,0.7509,0.1294,0.6395,10.22,19.17,76,0.015,8.955
57,65.96,S2,SAMCS,2,1002,79,0,4397,16,16,0.7869,0.7664,0.2135,0.665,12.64,19.24,79,0.015,8.97
58,66.97,S2,SAMCS,2,1002,74,0,4471,16,16,0.8287,0.7749,0.219,0.6879,11.37,19.4,74,0.015,8.985
59,67.99,S2,SAMCS,2,1002,78,0,4549,16,16,0.7823,0.7898,0.2178,0.672,11.11,19.68,78,0.015,9
0,0,S2,BASELINE,3,1003,78,0,78,4,32,0.8422,0.7893,0.3762,0.7305,42.96,19.57,78,0,0
1,1,S2,BASELINE,3,1003,75,0,153,4,32,0.8405,0.8078,0.283,0.7176,43.25,19.87,75,0,0
2,2,S2,BASELINE,3,1003,79,0,232,4,32,0.906,0.8094,0.3467,0.7603,42.98,20.04,79,0,0
3,3,S2,BASELINE,3,1003,72,0,304,4,32,0.8251,0.8315,0.2153,0.7054,41.07,20.24,72,0,0
4,4,S2,BASELINE,3,1003,84,0,388,4,32,0.8429,0.7797,0.3411,0.7204,51.02,19.41,84,0,0
5,5,S2,BASELINE,3,1003,57,0,445,4,32,0.8656,0.809,0.2424,0.7212,30.42,19.67,57,0,0
6,6,S2,BASELINE,3,1003,60,0,505,4,32,0.7973,0.7747,0.2372,0.6774,30.1,19.34,60,0,0
7,7,S2,BASELINE,3,1003,78,0,583,4,32,0.7986,0.7854,0.3608,0.7064,46.81,19.57,78,0,0
8,8,S2,BASELINE,3,1003,76,0,659,4,32,0.8295,0.7446,0.286,0.6911,44.53,19.32,76,0,0
9,9,S2,BASELINE,3,1003,85,0,744,4,32,0.827,0.7998,0.3981,0.7317,46.22,19.81,85,0,0
10,10,S2,BASELINE,3,1003,80,0,824,4,32,0.8019,0.7709,0.3036,0.6914,45.71,19.52,80,0,0
11,11,S2,BASELINE,3,1003,74,0,898,4,32,0.7998,0.8217,0.2433,0.6962,41.8,20.09,74,0,0
12,12,S2,BASELINE,3,1003,77,0,975,4,32,0.8466,0.7605,0.3167,0.7105,42.25,19.08,77,0,0
13,13,S2,BASELINE,3,1003,66,0,1041,4,32,0.7686,0.8038,0.2678,0.6807,36.86,19.95,66,0,0
14,14,S2,BASELINE,3,1003,89,0,1130,4,32,0.8703,0.7828,0.3874,0.7431,51.32,19.48,89,0,0
15,15,S2,BASELINE,3,1003,88,0,1218,4,32,1,0.7802,0.3489,0.7929,48.71,19.59,88,0,0
16,16,S2,BASELINE,3,1003,89,0,1307,4,32,0.8028,0.7708,0.2783,0.6867,50.58,19.44,89,0,0
17,17,S2,BASELINE,3,1003,91,0,1398,4,32,0.7999,0.7664,0.3609,0.7004,52.91,19.38,91,0,0
18,18,S2,BASELINE,3,1003,63,0,1461,4,32,0.8064,0.7595,0.1985,0.6684,33.37,19.21,63,0,0
19,19,S2,BASELINE,3,1003,79,0,1540,4,32,0.8309,0.7713,0.278,0.6994,44.89,19.4,79,0,0
20,20,S2,BASELINE,3,1003,69,0,1609,4,32,0.8376,0.8409,0.2751,0.7262,37.83,20.27,69,0,0
21,21,S2,BASELINE,3,1003,80,0,1689,4,32,0.7952,0.8084,0.3439,0.7096,48,19.92,80,0,0
22,22,S2,BASELINE,3,1003,79,0,1768,4,32,0.7892,0.78,0.3271,0.6936,48.83,19.47,79,0,0
23,23,S2,BASELINE,3,1003,69,0,1837,4,32,0.7852,0.7823,0.2648,0.6801,41,19.75,69,0,0
24,24,S2,BASELINE,3,1003,68,0,1905,4,32,0.8436,0.796,0.284,0.715,37.79,19.92,68,0,0
25,25,S2,BASELINE,3,1003,68,0,1973,4,32,0.8453,0.7854,0.3081,0.7169,40.76,19.66,68,0,0
26,26,S2,BASELINE,3,1003,61,0,2034,4,32,0.849,0.764,0.2898,0.7074,37.35,19.19,61,0,0
27,27,S2,BASELINE,3,1003,80,0,2114,4,32,0.8215,0.7755,0.3724,0.7156,46.95,19.38,80,0,0
28,28,S2,BASELINE,3,1003,83,0,2197,4,32,0.8292,0.8104,0.3509,0.727,47.12,19.94,83,0,0
29,29,S2,BASELINE,3,1003,65,0,2262,4,32,0.8514,0.8044,0.2627,0.7172,35.52,19.51,65,0,0
30,30,S2,BASELINE,3,1003,69,0,2331,4,32,0.7954,0.7991,0.3617,0.71,41.75,19.82,69,0,0
31,31,S2,BASELINE,3,1003,77,0,2408,4,32,0.7605,0.8031,0.2892,0.6812,44.13,19.77,77,0,0
32,32,S2,BASELINE,3,1003,90,0,2498,4,32,0.8603,0.7877,0.3832,0.7395,57.98,19.52,90,0,0
33,33,S2,BASELINE,3,1003,97,0,2595,4,32,0.8275,0.8251,0.3729,0.7357,53.16,20.11,97,0,0
34,34,S2,BASELINE,3,1003,68,0,2663,4,32,0.8095,0.7866,0.3335,0.7063,39.97,19.7,68,0,0
35,35,S2,BASELINE,3,1003,81,0,2744,4,32,0.8623,0.7984,0.3679,0.741,45.34,19.69,81,0,0
36,36,S2,BASELINE,3,1003,62,0,2806,4,32,0.8181,0.7413,0.2505,0.6777,33.26,18.93,62,0,0
37,37,S2,BASELINE,3,1003,67,0,2873,4,32,0.8456,0.7415,0.2966,0.6994,39.48,19.03,67,0,0
38,38,S2,BASELINE,3,1003,66,0,2939,4,32,1,0.7847,0.2698,0.7786,39.36,19.6,66,0,0
39,39,S2,BASELINE,3,1003,66,0,3005,4,32,0.7791,0.8125,0.2868,0.6923,37.73,19.94,66,0,0
40,40,S2,BASELINE,3,1003,86,0,3091,4,32,0.8337,0.787,0.33,0.7166,51.56,19.53,86,0,0
41,41,S2,BASELINE,3,1003,87,0,3178,4,32,0.8211,0.7804,0.3711,0.7169,51.29,19.67,87,0,0
42,42,S2,BASELINE,3,1003,79,0,3257,4,32,1,0.7968,0.2989,0.7887,41.07,19.66,79,0,0
43,43,S2,BASELINE,3,1003,82,0,3339,4,32,0.8617,0.8018,0.329,0.7342,50.42,19.61,82,0,0
44,44,S2,BASELINE,3,1003,63,0,3402,4,32,0.8419,0.7938,0.3034,0.7173,39.94,19.55,63,0,0
45,45,S2,BASELINE,3,1003,74,0,3476,4,32,0.8226,0.8008,0.2514,0.7007,42.14,19.67,74,0,0
46,46,S2,BASELINE,3,1003,80,0,3556,4,32,0.8288,0.7971,0.2876,0.7095,45.12,19.7,80,0,0
47,47,S2,BASELINE,3,1003,62,0,3618,4,32,0.8357,0.7666,0.2521,0.6948,31.36,19.25,62,0,0
48,48,S2,BASELINE,3,1003,54,0,3672,4,32,0.7831,0.7875,0.3019,0.6884,31.03,19.54,54,0,0
49,49,S2,BASELINE,3,1003,78,0,3750,4,32,0.8417,0.8074,0.2731,0.716,46.95,19.99,78,0,0
50,50,S2,BASELINE,3,1003,81,0,3831,4,32,0.876,0.797,0.2723,0.7276,46.47,19.69,81,0,0
51,51,S2,BASELINE,3,1003,81,0,3912,4,32,0.7746,0.801,0.3447,0.6978,46.36,19.85,81,0,0
52,52,S2,BASELINE,3,1003,67,0,3979,4,32,1,0.7887,0.2767,0.7814,36.12,19.75,67,0,0
53,53,S2,BASELINE,3,1003,77,0,4056,4,32,0.8414,0.8054,0.3326,0.727,45.35,19.68,77,0,0
54,54,S2,BASELINE,3,1003,81,0,4137,4,32,0.7862,0.8226,0.2394,0.6896,47.4,20.17,81,0,0
55,55,S2,BASELINE,3,1003,77,0,4214,4,32,0.8397,0.7787,0.3186,0.7141,42.23,19.44,77,0,0
56,56,S2,BASELINE,3,1003,72,0,4286,4,32,0.7795,0.7753,0.2114,0.6644,40.09,19.69,72,0,0
57,57,S2,BASELINE,3,1003,85,0,4371,4,32,0.8474,0.7912,0.4026,0.7388,51.68,19.69,85,0,0
58,58,S2,BASELINE,3,1003,77,0,4448,4,32,0.804,0.8083,0.2787,0.7004,43.5,19.93,77,0,0
59,59,S2,BASELINE,3,1003,83,0,4531,4,32,0.8564,0.7763,0.267,0.7105,47.2,19.48,83,0,0
0,0,S2,SAMCS,3,1003,78,0,78,6,32,0.8422,0.7893,0.3762,0.7305,42.96,19.57,78,1.265,1.265
1,2.26,S2,SAMCS,3,1003,75,0,153,6,32,0.8405,0.8078,0.2328,0.7075,28.93,19.87,75,0.015,1.28
2,3.28,S2,SAMCS,3,1003,79,0,232,6,32,0.906,0.8094,0.2939,0.7498,27.9,20.04,79,0.015,1.295
3,4.29,S2,SAMCS,3,1003,72,0,304,6,32,0.8251,0.8315,0.1672,0.6958,27.33,20.24,72,0.015,1.31
4,5.31,S2,SAMCS,3,1003,84,0,388,8,32,0.8429,0.7797,0.285,0.7092,34.99,19.41,84,1.265,2.575
5,7.57,S2,SAMCS,3,1003,57,0,445,8,32,0.8656,0.809,0.1852,0.7098,14.1,19.67,57,0.015,2.59
6,8.59,S2,SAMCS,3,1003,60,0,505,8,32,0.7973,0.7747,0.1771,0.6654,12.92,19.34,60,0.015,2.605
7,9.6,S2,SAMCS,3,1003,78,0,583,8,32,0.7986,0.7854,0.2826,0.6908,24.48,19.57,78,0.015,2.62
8,10.62,S2,SAMCS,3,1003,76,0,659,10,32,0.8295,0.7446,0.2098,0.6758,22.77,19.32,76,1.265,3.885
9,12.88,S2,SAMCS,3,1003,85,0,744,10,32,0.827,0.7998,0.2959,0.7113,17.01,19.81,85,0.015,3.9
10,13.9,S2,SAMCS,3,1003,80,0,824,10,32,0.8019,0.7709,0.2074,0.6721,18.22,19.52,80,0.015,3.915
11,14.91,S2,SAMCS,3,1003,74,0,898,10,32,0.7998,0.8217,0.1542,0.6784,16.37,20.09,74,0.015,3.93
12,15.93,S2,SAMCS,3,1003,77,0,975,12,32,0.8466,0.7605,0.2241,0.692,15.79,19.08,77,1.265,5.195
13,18.2,S2,SAMCS,3,1003,66,0,1041,12,32,0.7686,0.8038,0.1796,0.6631,11.66,19.95,66,0.015,5.21
14,19.21,S2,SAMCS,3,1003,89,0,1130,12,32,0.8703,0.7828,0.2684,0.7193,17.34,19.48,89,0.015,5.225
15,20.23,S2,SAMCS,3,1003,88,0,1218,12,32,1,0.7802,0.2313,0.7693,15.1,19.59,88,0.015,5.24
16,21.24,S2,SAMCS,3,1003,89,0,1307,14,32,0.8028,0.7708,0.1594,0.6629,16.6,19.44,89,1.265,6.505
17,23.51,S2,SAMCS,3,1003,91,0,1398,14,32,0.7999,0.7664,0.2306,0.6743,15.68,19.38,91,0.015,6.52
18,24.52,S2,SAMCS,3,1003,63,0,1461,14,32,0.8064,0.7595,0.1083,0.6504,7.59,19.21,63,0.015,6.535
19,25.54,S2,SAMCS,3,1003,79,0,1540,14,32,0.8309,0.7713,0.1648,0.6768,12.57,19.4,79,0.015,6.55
20,26.55,S2,SAMCS,3,1003,69,0,1609,16,32,0.8376,0.8409,0.1763,0.7065,9.6,20.27,69,1.265,7.815
21,28.82,S2,SAMCS,3,1003,80,0,1689,16,32,0.7952,0.8084,0.2236,0.6855,13.64,19.92,80,0.015,7.83
22,29.83,S2,SAMCS,3,1003,79,0,1768,16,32,0.7892,0.78,0.2083,0.6698,14.89,19.47,79,0.015,7.845
23,30.85,S2,SAMCS,3,1003,69,0,1837,16,32,0.7852,0.7823,0.1611,0.6594,11.35,19.75,69,0.015,7.86
24,31.86,S2,SAMCS,3,1003,68,0,1905,16,24,0.8436,0.796,0.1817,0.6946,8.58,19.92,68,0.315,8.175
25,33.18,S2,SAMCS,3,1003,68,0,1973,16,24,0.8453,0.7854,0.2067,0.6966,11.78,19.66,68,0.015,8.19
26,34.19,S2,SAMCS,3,1003,61,0,2034,16,24,0.849,0.764,0.1988,0.6892,11.36,19.19,61,0.015,8.205
27,35.21,S2,SAMCS,3,1003,80,0,2114,16,24,0.8215,0.7755,0.253,0.6917,12.86,19.38,80,0.015,8.22
28,36.22,S2,SAMCS,3,1003,83,0,2197,16,16,0.8292,0.8104,0.2271,0.7022,11.75,19.94,83,0.315,8.535
29,37.54,S2,SAMCS,3,1003,65,0,2262,16,16,0.8514,0.8044,0.1669,0.6981,8.16,19.51,65,0.015,8.55
30,38.55,S2,SAMCS,3,1003,69,0,2331,16,16,0.7954,0.7991,0.2601,0.6897,12.7,19.82,69,0.015,8.565
31,39.57,S2,SAMCS,3,1003,77,0,2408,16,16,0.7605,0.8031,0.1757,0.6585,11.71,19.77,77,0.015,8.58
32,40.58,S2,SAMCS,3,1003,90,0,2498,16,16,0.8603,0.7877,0.2506,0.713,20.09,19.52,90,0.015,8.595
33,41.6,S2,SAMCS,3,1003,97,0,2595,16,16,0.8275,0.8251,0.23,0.7071,12.33,20.11,97,0.015,8.61
34,42.61,S2,SAMCS,3,1003,68,0,2663,16,16,0.8095,0.7866,0.2333,0.6862,11.34,19.7,68,0.015,8.625
35,43.63,S2,SAMCS,3,1003,81,0,2744,16,16,0.8623,0.7984,0.2485,0.7171,11.24,19.69,81,0.015,8.64
36,44.64,S2,SAMCS,3,1003,62,0,2806,16,16,0.8181,0.7413,0.1591,0.6594,7.16,18.93,62,0.015,8.655
37,45.66,S2,SAMCS,3,1003,67,0,2873,16,16,0.8456,0.7415,0.1978,0.6796,11.28,19.03,67,0.015,8.67
38,46.67,S2,SAMCS,3,1003,66,0,2939,16,16,1,0.7847,0.1726,0.7592,11.57,19.6,66,0.015,8.685
39,47.69,S2,SAMCS,3,1003,66,0,3005,16,16,0.7791,0.8125,0.1895,0.6729,9.95,19.94,66,0.015,8.7
40,48.7,S2,SAMCS,3,1003,86,0,3091,16,16,0.8337,0.787,0.2033,0.6913,15.35,19.53,86,0.015,8.715
41,49.72,S2,SAMCS,3,1003,87,0,3178,16,16,0.8211,0.7804,0.2429,0.6912,14.67,19.67,87,0.015,8.73
42,50.73,S2,SAMCS,3,1003,79,0,3257,16,16,1,0.7968,0.1825,0.7654,7.82,19.66,79,0.015,8.745
43,51.75,S2,SAMCS,3,1003,82,0,3339,16,16,0.8617,0.8018,0.2082,0.71,15.89,19.61,82,0.015,8.76
44,52.76,S2,SAMCS,3,1003,63,0,3402,16,16,0.8419,0.7938,0.2106,0.6988,13.42,19.55,63,0.015,8.775
45,53.78,S2,SAMCS,3,1003,74,0,3476,16,16,0.8226,0.8008,0.1424,0.6789,10.99,19.67,74,0.015,8.79
46,54.79,S2,SAMCS,3,1003,80,0,3556,16,16,0.8288,0.7971,0.1697,0.6859,11.44,19.7,80,0.015,8.805
47,55.81,S2,SAMCS,3,1003,62,0,3618,16,16,0.8357,0.7666,0.1607,0.6766,5.26,19.25,62,0.015,8.82
48,56.82,S2,SAMCS,3,1003,54,0,3672,16,16,0.7831,0.7875,0.2223,0.6725,8.3,19.54,54,0.015,8.835
49,57.84,S2,SAMCS,3,1003,78,0,3750,16,16,0.8417,0.8074,0.1582,0.693,14.11,19.99,78,0.015,8.85
50,58.85,S2,SAMCS,3,1003,81,0,3831,16,16,0.876,0.797,0.1529,0.7037,12.37,19.69,81,0.015,8.865
51,59.87,S2,SAMCS,3,1003,81,0,3912,16,16,0.7746,0.801,0.2253,0.674,12.26,19.85,81,0.015,8.88
52,60.88,S2,SAMCS,3,1003,67,0,3979,16,16,1,0.7887,0.178,0.7617,7.92,19.75,67,0.015,8.895
53,61.9,S2,SAMCS,3,1003,77,0,4056,16,16,0.8414,0.8054,0.2191,0.7043,12.93,19.68,77,0.015,8.91
54,62.91,S2,SAMCS,3,1003,81,0,4137,16,16,0.7862,0.8226,0.1201,0.6657,13.3,20.17,81,0.015,8.925
55,63.93,S2,SAMCS,3,1003,77,0,4214,16,16,0.8397,0.7787,0.2051,0.6914,9.82,19.44,77,0.015,8.94
56,64.94,S2,SAMCS,3,1003,72,0,4286,16,16,0.7795,0.7753,0.1053,0.6432,9.78,19.69,72,0.015,8.955
57,65.96,S2,SAMCS,3,1003,85,0,4371,16,16,0.8474,0.7912,0.2774,0.7137,15.9,19.69,85,0.015,8.97
58,66.97,S2,SAMCS,3,1003,77,0,4448,16,16,0.804,0.8083,0.1652,0.6777,11.09,19.93,77,0.015,8.985
59,67.99,S2,SAMCS,3,1003,83,0,4531,16,16,0.8564,0.7763,0.1447,0.686,12.25,19.48,83,0.015,9
0,0,S3,BASELINE,1,1001,28,0,28,4,32,0.2289,0.2228,0.1687,0.2147,14.06,11.81,28,0,0
1,1,S3,BASELINE,1,1001,20,0,48,4,32,0.2423,0.1925,0.1864,0.2137,13.16,11.46,20,0,0
2,2,S3,BASELINE,1,1001,29,0,77,4,32,0.179,0.2267,0.2278,0.2055,14.3,11.91,29,0,0
3,3,S3,BASELINE,1,1001,20,0,97,4,32,0.2082,0.2381,0.1529,0.2076,12.71,12.09,20,0,0
4,4,S3,BASELINE,1,1001,25,0,122,4,32,0.1892,0.1827,0.1615,0.1814,11.8,11.25,25,0,0
5,5,S3,BASELINE,1,1001,26,0,148,4,32,0.2262,0.2176,0.1584,0.2096,14.21,11.56,26,0,0
6,6,S3,BASELINE,1,1001,28,0,176,4,32,0.1974,0.2089,0.1335,0.1887,17.06,11.7,28,0,0
7,7,S3,BASELINE,1,1001,31,0,207,4,32,0.2367,0.2155,0.2076,0.2235,16.94,11.54,31,0,0
8,8,S3,BASELINE,1,1001,27,0,234,4,32,0.2111,0.1857,0.1511,0.1902,15.67,11.34,27,0,0
9,9,S3,BASELINE,1,1001,20,0,254,4,32,0.2021,0.2174,0.178,0.2027,9.16,11.63,20,0,0
10,10,S3,BASELINE,1,1001,19,0,273,4,32,0.263,0.2091,0.2949,0.2505,9.69,11.63,19,0,0
11,11,S3,BASELINE,1,1001,21,0,294,4,32,0.1987,0.2275,0.1429,0.1976,11.96,11.88,21,0,0
12,12,S3,BASELINE,1,1001,21,0,315,4,32,0.1813,0.2051,0.1958,0.1925,11.92,11.71,21,0,0
13,13,S3,BASELINE,1,1001,19,0,334,4,32,0.2747,0.1826,0.1876,0.2251,13.2,11.48,19,0,0
14,14,S3,BASELINE,1,1001,21,0,355,4,32,0.2207,0.2134,0.1759,0.2092,12.05,11.73,21,0,0
15,15,S3,BASELINE,1,1001,25,0,380,4,32,0.1556,0.2139,0.1864,0.1821,12.53,11.64,25,0,0
16,16,S3,BASELINE,1,1001,28,0,408,4,32,0.2267,0.1716,0.2214,0.2064,15.24,11.07,28,0,0
17,17,S3,BASELINE,1,1001,19,0,427,4,32,0.255,0.2066,0.123,0.2117,9.98,11.47,19,0,0
18,18,S3,BASELINE,1,1001,19,0,446,4,32,0.2106,0.2326,0.2096,0.2181,9.38,11.86,19,0,0
19,19,S3,BASELINE,1,1001,21,0,467,4,32,0.2082,0.2285,0.194,0.2125,11.52,11.94,21,0,0
20,20,S3,BASELINE,1,1001,20,0,487,4,32,0.2048,0.2076,0.2602,0.2169,11.23,11.67,20,0,0
21,21,S3,BASELINE,1,1001,32,0,519,4,32,0.273,0.2035,0.1441,0.2229,18.24,11.58,32,0,0
22,22,S3,BASELINE,1,1001,26,0,545,4,32,0.2845,0.2552,0.1481,0.247,14.61,12.18,26,0,0
23,23,S3,BASELINE,1,1001,30,0,575,4,32,0.2453,0.2074,0.2841,0.2398,16.73,11.6,30,0,0
24,24,S3,BASELINE,1,1001,30,0,605,4,32,0.2455,0.2122,0.2259,0.2299,18.77,11.8,30,0,0
25,25,S3,BASELINE,1,1001,14,0,619,4,32,0.206,0.2242,0.1128,0.1937,6.76,11.96,14,0,0
26,26,S3,BASELINE,1,1001,18,0,637,4,32,0.4762,0.1952,0.2123,0.3251,13.72,11.6,18,0,0
27,27,S3,BASELINE,1,1001,14,0,651,4,32,0.2212,0.188,0.1364,0.1926,5.48,11.3,14,0,0
28,28,S3,BASELINE,1,1001,53,0,704,4,32,0.486,0.4874,0.3344,0.4562,32.28,15.36,53,0,0
29,29,S3,BASELINE,1,1001,50,0,754,4,32,0.4976,0.5083,0.1809,0.438,27.13,15.66,50,0,0
30,30,S3,BASELINE,1,1001,49,0,803,4,32,0.5129,0.5487,0.2311,0.4691,26.59,16.23,49,0,0
31,31,S3,BASELINE,1,1001,50,0,853,4,32,0.5331,0.54,0.3019,0.4893,27.86,16.18,50,0,0
32,32,S3,BASELINE,1,1001,52,0,905,4,32,0.5042,0.5136,0.2051,0.4477,30.58,15.82,52,0,0
33,33,S3,BASELINE,1,1001,45,0,950,4,32,0.4908,0.4857,0.2656,0.444,24.78,15.48,45,0,0
34,34,S3,BASELINE,1,1001,55,0,1005,4,32,0.5105,0.4886,0.2932,0.4594,32.1,15.46,55,0,0
35,35,S3,BASELINE,1,1001,59,0,1064,4,32,0.4992,0.5077,0.2519,0.4527,33.93,15.72,59,0,0
36,36,S3,BASELINE,1,1001,39,0,1103,4,32,0.5173,0.5044,0.17,0.4433,19.22,15.73,39,0,0
37,37,S3,BASELINE,1,1001,55,0,1158,4,32,0.5463,0.5229,0.2219,0.4732,29.93,16.01,55,0,0
38,38,S3,BASELINE,1,1001,52,0,1210,4,32,0.5487,0.4828,0.3068,0.4773,30.53,15.46,52,0,0
39,39,S3,BASELINE,1,1001,45,0,1255,4,32,0.5261,0.4929,0.3015,0.4695,24.78,15.47,45,0,0
40,40,S3,BASELINE,1,1001,49,0,1304,4,32,0.4996,0.4946,0.2731,0.4525,33.66,15.56,49,0,0
41,41,S3,BASELINE,1,1001,50,0,1354,4,32,0.5282,0.4605,0.2492,0.4487,25.59,15.05,50,0,0
42,42,S3,BASELINE,1,1001,50,0,1404,4,32,0.5129,0.5009,0.3312,0.4724,29.61,15.71,50,0,0
43,43,S3,BASELINE,1,1001,38,0,1442,4,32,0.5286,0.4791,0.272,0.46,18.79,15.36,38,0,0
44,44,S3,BASELINE,1,1001,50,0,1492,4,32,0.4927,0.5003,0.2859,0.454,27.42,15.48,50,0,0
45,45,S3,BASELINE,1,1001,47,0,1539,4,32,0.549,0.4707,0.1974,0.4513,26.24,15.48,47,0,0
46,46,S3,BASELINE,1,1001,56,0,1595,4,32,0.5239,0.5047,0.2525,0.4629,31.68,15.7,56,0,0
47,47,S3,BASELINE,1,1001,45,0,1640,4,32,0.4699,0.4698,0.2616,0.4282,27.91,15.44,45,0,0
48,48,S3,BASELINE,1,1001,36,0,1676,4,32,0.5058,0.4865,0.1963,0.4372,21.39,15.6,36,0,0
49,49,S3,BASELINE,1,1001,61,0,1737,4,32,0.7854,0.5274,0.3106,0.6001,30.1,15.93,61,0,0
50,50,S3,BASELINE,1,1001,52,0,1789,4,32,0.7798,0.4968,0.2114,0.567,28.01,15.39,52,0,0
51,51,S3,BASELINE,1,1001,34,0,1823,4,32,0.509,0.5052,0.2099,0.4479,17.17,15.71,34,0,0
52,52,S3,BASELINE,1,1001,43,0,1866,4,32,0.4869,0.4822,0.2643,0.4407,27.97,15.44,43,0,0
53,53,S3,BASELINE,1,1001,57,0,1923,4,32,0.5175,0.4842,0.2956,0.4615,27.14,15.45,57,0,0
54,54,S3,BASELINE,1,1001,40,0,1963,4,32,0.5789,0.4889,0.2619,0.484,25.12,15.34,40,0,0
55,55,S3,BASELINE,1,1001,42,0,2005,4,32,0.5085,0.5116,0.1623,0.4403,25.23,15.75,42,0,0
56,56,S3,BASELINE,1,1001,47,0,2052,4,32,0.5506,0.4792,0.2817,0.4718,26.81,15.41,47,0,0
57,57,S3,BASELINE,1,1001,52,0,2104,4,32,0.4963,0.4907,0.2027,0.4356,29.25,15.33,52,0,0
58,58,S3,BASELINE,1,1001,80,0,2184,4,32,0.8314,0.8795,0.3108,0.7441,44.37,20.97,80,0,0
59,59,S3,BASELINE,1,1001,85,0,2269,4,32,0.8907,0.8688,0.2732,0.7595,52.44,20.51,85,0,0
60,60,S3,BASELINE,1,1001,75,0,2344,4,32,0.898,0.8415,0.2896,0.7566,40.3,20.35,75,0,0
61,61,S3,BASELINE,1,1001,75,0,2419,4,32,0.9261,0.8865,0.2509,0.7772,39.2,20.98,75,0,0
62,62,S3,BASELINE,1,1001,84,0,2503,4,32,0.9476,0.8109,0.3681,0.7838,46.54,19.68,84,0,0
63,63,S3,BASELINE,1,1001,92,0,2595,4,32,0.8722,0.8737,0.3905,0.7764,55.46,20.82,92,0,0
64,64,S3,BASELINE,1,1001,82,0,2677,4,32,0.9159,0.8643,0.3298,0.7806,46.92,20.67,82,0,0
65,65,S3,BASELINE,1,1001,86,0,2763,4,32,1,0.8429,0.3068,0.8064,52.74,20.26,86,0,0
66,66,S3,BASELINE,1,1001,92,0,2855,4,32,0.9592,0.8291,0.3012,0.7821,47.8,20.07,92,0,0
67,67,S3,BASELINE,1,1001,75,0,2930,4,32,0.9038,0.8456,0.2618,0.755,43.73,20.25,75,0,0
68,68,S3,BASELINE,1,1001,86,0,3016,4,32,1,0.8318,0.2581,0.7927,48.67,20.31,86,0,0
69,69,S3,BASELINE,1,1001,81,0,3097,4,32,0.9414,0.812,0.2468,0.7572,43.15,19.94,81,0,0
70,70,S3,BASELINE,1,1001,87,0,3184,4,32,0.8678,0.8446,0.3504,0.7562,49.47,20.13,87,0,0
71,71,S3,BASELINE,1,1001,77,0,3261,4,32,0.8651,0.8622,0.2953,0.7501,45.04,20.54,77,0,0
72,72,S3,BASELINE,1,1001,82,0,3343,4,32,0.855,0.8142,0.3121,0.7322,47.08,19.96,82,0,0
73,73,S3,BASELINE,1,1001,80,0,3423,4,32,1,0.8391,0.3025,0.8042,44.11,20.41,80,0,0
74,74,S3,BASELINE,1,1001,98,0,3521,4,32,0.9184,0.8554,0.3409,0.7808,57.92,20.66,98,0,0
75,75,S3,BASELINE,1,1001,83,0,3604,4,32,0.8883,0.8646,0.2722,0.7568,48.17,20.69,83,0,0
76,76,S3,BASELINE,1,1001,67,0,3671,4,32,1,0.8293,0.2749,0.7952,35.31,20.28,67,0,0
77,77,S3,BASELINE,1,1001,93,0,3764,4,32,0.8659,0.849,0.375,0.7618,48.28,20.52,93,0,0
78,78,S3,BASELINE,1,1001,82,0,3846,4,32,0.897,0.842,0.2803,0.7544,49.45,20.54,82,0,0
79,79,S3,BASELINE,1,1001,81,0,3927,4,32,0.8826,0.8838,0.3725,0.781,47.76,20.9,81,0,0
80,80,S3,BASELINE,1,1001,86,0,4013,4,32,0.9076,0.8664,0.3063,0.7729,48.58,20.52,86,0,0
0,0,S3,SAMCS,1,1001,28,0,28,6,32,0.2289,0.2228,0.1687,0.2147,14.06,11.81,28,1.265,1.265
1,2.26,S3,SAMCS,1,1001,20,0,48,6,32,0.2423,0.1925,0.173,0.211,9.34,11.46,20,0.015,1.28
2,3.28,S3,SAMCS,1,1001,29,0,77,6,32,0.179,0.2267,0.2085,0.2016,8.76,11.91,29,0.015,1.295
3,4.29,S3,SAMCS,1,1001,20,0,97,6,32,0.2082,0.2381,0.1396,0.205,8.89,12.09,20,0.015,1.31
4,5.31,S3,SAMCS,1,1001,25,0,122,8,32,0.1892,0.1827,0.1448,0.178,7.02,11.25,25,1.265,2.575
5,7.57,S3,SAMCS,1,1001,26,0,148,8,32,0.2262,0.2176,0.1323,0.2044,6.76,11.56,26,0.015,2.59
6,8.59,S3,SAMCS,1,1001,28,0,176,8,32,0.1974,0.2089,0.1055,0.1831,9.04,11.7,28,0.015,2.605
7,9.6,S3,SAMCS,1,1001,31,0,207,8,32,0.2367,0.2155,0.1766,0.2173,8.07,11.54,31,0.015,2.62
8,10.62,S3,SAMCS,1,1001,27,0,234,10,32,0.2111,0.1857,0.1241,0.1848,7.94,11.34,27,1.265,3.885
9,12.88,S3,SAMCS,1,1001,20,0,254,10,32,0.2021,0.2174,0.1635,0.1998,5,11.63,20,0.015,3.9
10,13.9,S3,SAMCS,1,1001,19,0,273,10,32,0.263,0.2091,0.2785,0.2472,5,11.63,19,0.015,3.915
11,14.91,S3,SAMCS,1,1001,21,0,294,10,32,0.1987,0.2275,0.1185,0.1927,5,11.88,21,0.015,3.93
12,15.93,S3,SAMCS,1,1001,21,0,315,12,32,0.1813,0.2051,0.1715,0.1877,5,11.71,21,1.265,5.195
13,18.2,S3,SAMCS,1,1001,19,0,334,12,32,0.2747,0.1826,0.1622,0.22,5.95,11.48,19,0.015,5.21
14,19.21,S3,SAMCS,1,1001,21,0,355,12,32,0.2207,0.2134,0.1512,0.2042,5,11.73,21,0.015,5.225
15,20.23,S3,SAMCS,1,1001,25,0,380,12,32,0.1556,0.2139,0.16,0.1769,5,11.64,25,0.015,5.24
16,21.24,S3,SAMCS,1,1001,28,0,408,14,32,0.2267,0.1716,0.1856,0.1992,5,11.07,28,1.265,6.505
17,23.51,S3,SAMCS,1,1001,19,0,427,14,32,0.255,0.2066,0.1056,0.2082,5,11.47,19,0.015,6.52
18,24.52,S3,SAMCS,1,1001,19,0,446,14,32,0.2106,0.2326,0.1943,0.215,5,11.86,19,0.015,6.535
19,25.54,S3,SAMCS,1,1001,21,0,467,14,32,0.2082,0.2285,0.1712,0.2079,5,11.94,21,0.015,6.55
20,26.55,S3,SAMCS,1,1001,20,0,487,16,32,0.2048,0.2076,0.2384,0.2125,5,11.67,20,1.265,7.815
21,28.82,S3,SAMCS,1,1001,32,0,519,16,32,0.273,0.2035,0.0977,0.2136,5,11.58,32,0.015,7.83
22,29.83,S3,SAMCS,1,1001,26,0,545,16,32,0.2845,0.2552,0.1145,0.2402,5,12.18,26,0.015,7.845
23,30.85,S3,SAMCS,1,1001,30,0,575,16,32,0.2453,0.2074,0.2431,0.2316,5,11.6,30,0.015,7.86
24,31.86,S3,SAMCS,1,1001,30,0,605,16,32,0.2455,0.2122,0.1807,0.2209,5.89,11.8,30,0.015,7.875
25,32.88,S3,SAMCS,1,1001,14,0,619,16,32,0.206,0.2242,0.1066,0.1925,5,11.96,14,0.015,7.89
26,33.89,S3,SAMCS,1,1001,18,0,637,16,32,0.4762,0.1952,0.1853,0.3197,5.98,11.6,18,0.015,7.905
27,34.91,S3,SAMCS,1,1001,14,0,651,16,32,0.2212,0.188,0.1347,0.1923,5,11.3,14,0.015,7.92
28,35.92,S3,SAMCS,1,1001,53,0,704,16,32,0.486,0.4874,0.2548,0.4402,9.51,15.36,53,0.015,7.935
29,36.94,S3,SAMCS,1,1001,50,0,754,16,32,0.4976,0.5083,0.1057,0.423,5.65,15.66,50,0.015,7.95
30,37.95,S3,SAMCS,1,1001,49,0,803,16,32,0.5129,0.5487,0.1574,0.4543,5.54,16.23,49,0.015,7.965
31,38.97,S3,SAMCS,1,1001,50,0,853,16,32,0.5331,0.54,0.2267,0.4742,6.38,16.18,50,0.015,7.98
32,39.98,S3,SAMCS,1,1001,52,0,905,16,32,0.5042,0.5136,0.1269,0.432,8.25,15.82,52,0.015,7.995
33,41,S3,SAMCS,1,1001,45,0,950,16,32,0.4908,0.4857,0.1979,0.4304,5.45,15.48,45,0.015,8.01
34,42.01,S3,SAMCS,1,1001,55,0,1005,16,32,0.5105,0.4886,0.2105,0.4428,8.47,15.46,55,0.015,8.025
35,43.03,S3,SAMCS,1,1001,59,0,1064,16,32,0.4992,0.5077,0.1632,0.435,8.59,15.72,59,0.015,8.04
36,44.04,S3,SAMCS,1,1001,39,0,1103,16,32,0.5173,0.5044,0.1202,0.4334,5,15.73,39,0.015,8.055
37,45.06,S3,SAMCS,1,1001,55,0,1158,16,32,0.5463,0.5229,0.1392,0.4567,6.3,16.01,55,0.015,8.07
38,46.07,S3,SAMCS,1,1001,52,0,1210,16,32,0.5487,0.4828,0.2286,0.4616,8.19,15.46,52,0.015,8.085
39,47.09,S3,SAMCS,1,1001,45,0,1255,16,32,0.5261,0.4929,0.2338,0.456,5.45,15.47,45,0.015,8.1
40,48.1,S3,SAMCS,1,1001,49,0,1304,16,32,0.4996,0.4946,0.1994,0.4378,12.61,15.56,49,0.015,8.115
41,49.12,S3,SAMCS,1,1001,50,0,1354,16,32,0.5282,0.4605,0.1771,0.4343,5,15.05,50,0.015,8.13
42,50.13,S3,SAMCS,1,1001,50,0,1404,16,32,0.5129,0.5009,0.256,0.4573,8.14,15.71,50,0.015,8.145
43,51.15,S3,SAMCS,1,1001,38,0,1442,16,32,0.5286,0.4791,0.2237,0.4503,5,15.36,38,0.015,8.16
44,52.16,S3,SAMCS,1,1001,50,0,1492,16,32,0.4927,0.5003,0.2107,0.439,5.95,15.48,50,0.015,8.175
45,53.18,S3,SAMCS,1,1001,47,0,1539,16,32,0.549,0.4707,0.1268,0.4371,6.05,15.48,47,0.015,8.19
46,54.19,S3,SAMCS,1,1001,56,0,1595,16,32,0.5239,0.5047,0.1683,0.4461,7.62,15.7,56,0.015,8.205
47,55.21,S3,SAMCS,1,1001,45,0,1640,16,32,0.4699,0.4698,0.1939,0.4147,8.58,15.44,45,0.015,8.22
48,56.22,S3,SAMCS,1,1001,36,0,1676,16,32,0.5058,0.4865,0.1422,0.4263,5.93,15.6,36,0.015,8.235
49,57.24,S3,SAMCS,1,1001,61,0,1737,16,32,0.7854,0.5274,0.2228,0.5826,5,15.93,61,0.015,8.25
50,58.25,S3,SAMCS,1,1001,52,0,1789,16,32,0.7798,0.4968,0.1332,0.5514,5.67,15.39,52,0.015,8.265
51,59.27,S3,SAMCS,1,1001,34,0,1823,16,32,0.509,0.5052,0.1673,0.4393,5,15.71,34,0.015,8.28
52,60.28,S3,SAMCS,1,1001,43,0,1866,16,32,0.4869,0.4822,0.1997,0.4278,9.5,15.44,43,0.015,8.295
53,61.3,S3,SAMCS,1,1001,57,0,1923,16,32,0.5175,0.4842,0.2182,0.446,5,15.45,57,0.015,8.31
54,62.31,S3,SAMCS,1,1001,40,0,1963,16,32,0.5789,0.4889,0.2017,0.472,7.93,15.34,40,0.015,8.325
55,63.33,S3,SAMCS,1,1001,42,0,2005,16,32,0.5085,0.5116,0.0991,0.4277,7.19,15.75,42,0.015,8.34
56,64.34,S3,SAMCS,1,1001,47,0,2052,16,32,0.5506,0.4792,0.211,0.4577,6.62,15.41,47,0.015,8.355
57,65.36,S3,SAMCS,1,1001,52,0,2104,16,32,0.4963,0.4907,0.1245,0.42,6.91,15.33,52,0.015,8.37
58,66.37,S3,SAMCS,1,1001,80,0,2184,16,24,0.8314,0.8795,0.1905,0.7201,10,20.97,80,0.315,8.685
59,67.69,S3,SAMCS,1,1001,85,0,2269,16,24,0.8907,0.8688,0.1465,0.7342,16.22,20.51,85,0.015,8.7
60,68.7,S3,SAMCS,1,1001,75,0,2344,16,24,0.898,0.8415,0.1777,0.7342,8.34,20.35,75,0.015,8.715
61,69.72,S3,SAMCS,1,1001,75,0,2419,16,24,0.9261,0.8865,0.1391,0.7548,7.24,20.98,75,0.015,8.73
62,70.73,S3,SAMCS,1,1001,84,0,2503,16,16,0.9476,0.8109,0.2428,0.7588,10.74,19.68,84,0.315,9.045
63,72.05,S3,SAMCS,1,1001,92,0,2595,16,16,0.8722,0.8737,0.255,0.7493,16.73,20.82,92,0.015,9.06
64,73.06,S3,SAMCS,1,1001,82,0,2677,16,16,0.9159,0.8643,0.209,0.7565,12.4,20.67,82,0.015,9.075
65,74.08,S3,SAMCS,1,1001,86,0,2763,16,16,1,0.8429,0.18,0.781,16.53,20.26,86,0.015,9.09
66,75.09,S3,SAMCS,1,1001,92,0,2855,16,16,0.9592,0.8291,0.1656,0.755,9.07,20.07,92,0.015,9.105
67,76.11,S3,SAMCS,1,1001,75,0,2930,16,16,0.9038,0.8456,0.1513,0.7329,12.15,20.25,75,0.015,9.12
68,77.12,S3,SAMCS,1,1001,86,0,3016,16,16,1,0.8318,0.1314,0.7674,12.47,20.31,86,0.015,9.135
69,78.14,S3,SAMCS,1,1001,81,0,3097,16,16,0.9414,0.812,0.1275,0.7333,9.05,19.94,81,0.015,9.15
70,79.15,S3,SAMCS,1,1001,87,0,3184,16,16,0.8678,0.8446,0.2222,0.7306,12.84,20.13,87,0.015,9.165
71,80.17,S3,SAMCS,1,1001,77,0,3261,16,16,0.8651,0.8622,0.1818,0.7274,12.62,20.54,77,0.015,9.18
72,81.18,S3,SAMCS,1,1001,82,0,3343,16,16,0.855,0.8142,0.1912,0.708,12.56,19.96,82,0.015,9.195
73,82.2,S3,SAMCS,1,1001,80,0,3423,16,16,1,0.8391,0.1846,0.7806,10.43,20.41,80,0.015,9.21
74,83.21,S3,SAMCS,1,1001,98,0,3521,16,16,0.9184,0.8554,0.1965,0.752,16.66,20.66,98,0.015,9.225
75,84.23,S3,SAMCS,1,1001,83,0,3604,16,16,0.8883,0.8646,0.1499,0.7323,13.23,20.69,83,0.015,9.24
76,85.24,S3,SAMCS,1,1001,67,0,3671,16,16,1,0.8293,0.1762,0.7755,7.1,20.28,67,0.015,9.255
77,86.26,S3,SAMCS,1,1001,93,0,3764,16,16,0.8659,0.849,0.2379,0.7344,9.12,20.52,93,0.015,9.27
78,87.27,S3,SAMCS,1,1001,82,0,3846,16,16,0.897,0.842,0.1595,0.7302,14.93,20.54,82,0.015,9.285
79,88.29,S3,SAMCS,1,1001,81,0,3927,16,16,0.8826,0.8838,0.2532,0.7571,13.66,20.9,81,0.015,9.3
80,89.3,S3,SAMCS,1,1001,86,0,4013,16,16,0.9076,0.8664,0.1796,0.7476,12.38,20.52,86,0.015,9.315
0,0,S3,BASELINE,2,1002,16,0,16,4,32,0.1753,0.191,0.1674,0.1792,6.9,11.47,16,0,0
1,1,S3,BASELINE,2,1002,23,0,39,4,32,0.2165,0.242,0.2203,0.2262,13.57,12.12,23,0,0
2,2,S3,BASELINE,2,1002,21,0,60,4,32,0.1975,0.1672,0.1642,0.1803,12.71,11.04,21,0,0
3,3,S3,BASELINE,2,1002,16,0,76,4,32,0.1905,0.2397,0.1765,0.2049,10.75,12.02,16,0,0
4,4,S3,BASELINE,2,1002,25,0,101,4,32,0.1659,0.2057,0.2747,0.2016,12.27,11.44,25,0,0
5,5,S3,BASELINE,2,1002,21,0,122,4,32,0.2182,0.1778,0.1615,0.1927,10.09,11.23,21,0,0
6,6,S3,BASELINE,2,1002,24,0,146,4,32,0.224,0.1901,0.1217,0.1917,14.25,11.33,24,0,0
7,7,S3,BASELINE,2,1002,28,0,174,4,32,0.1816,0.2026,0.2087,0.1944,14,11.59,28,0,0
8,8,S3,BASELINE,2,1002,16,0,190,4,32,0.1928,0.205,0.2035,0.1992,8.4,11.44,16,0,0
9,9,S3,BASELINE,2,1002,25,0,215,4,32,0.1851,0.1657,0.2358,0.1885,16.42,11.23,25,0,0
10,10,S3,BASELINE,2,1002,29,0,244,4,32,0.2158,0.21,0.1105,0.1927,16.89,11.63,29,0,0
11,11,S3,BASELINE,2,1002,28,0,272,4,32,0.2139,0.1743,0.148,0.1869,15.71,11.02,28,0,0
12,12,S3,BASELINE,2,1002,23,0,295,4,32,0.2322,0.2043,0.169,0.2098,16.1,11.61,23,0,0
13,13,S3,BASELINE,2,1002,27,0,322,4,32,0.4961,0.1781,0.2975,0.3451,14.97,11.29,27,0,0
14,14,S3,BASELINE,2,1002,14,0,336,4,32,0.2022,0.181,0.1565,0.1856,6.28,11.24,14,0,0
15,15,S3,BASELINE,2,1002,24,0,360,4,32,0.2391,0.2278,0.222,0.2317,13.28,11.75,24,0,0
16,16,S3,BASELINE,2,1002,27,0,387,4,32,0.2597,0.2222,0.1934,0.2333,14.18,11.96,27,0,0
17,17,S3,BASELINE,2,1002,17,0,404,4,32,0.2569,0.2285,0.2053,0.2367,9.9,11.86,17,0,0
18,18,S3,BASELINE,2,1002,24,0,428,4,32,0.246,0.1841,0.2079,0.2167,16.67,11.2,24,0,0
19,19,S3,BASELINE,2,1002,21,0,449,4,32,0.2267,0.2296,0.1735,0.2171,10.99,11.8,21,0,0
20,20,S3,BASELINE,2,1002,21,0,470,4,32,0.2596,0.2154,0.2009,0.2324,10.81,11.83,21,0,0
21,21,S3,BASELINE,2,1002,23,0,493,4,32,0.1902,0.1969,0.2267,0.1998,12.92,11.46,23,0,0
22,22,S3,BASELINE,2,1002,22,0,515,4,32,0.2576,0.2364,0.1688,0.2324,17.22,11.94,22,0,0
23,23,S3,BASELINE,2,1002,15,0,530,4,32,0.2048,0.2208,0.1972,0.2089,10.39,12.05,15,0,0
24,24,S3,BASELINE,2,1002,21,0,551,4,32,0.2072,0.2365,0.1989,0.2158,15.13,11.97,21,0,0
25,25,S3,BASELINE,2,1002,17,0,568,4,32,0.2029,0.2076,0.258,0.2156,11.69,11.71,17,0,0
26,26,S3,BASELINE,2,1002,28,0,596,4,32,0.2674,0.2095,0.219,0.2375,17.43,11.72,28,0,0
27,27,S3,BASELINE,2,1002,20,0,616,4,32,0.1717,0.1774,0.196,0.1785,11.39,11.12,20,0,0
28,28,S3,BASELINE,2,1002,47,0,663,4,32,0.5033,0.5096,0.1961,0.4441,28.16,15.94,47,0,0
29,29,S3,BASELINE,2,1002,37,0,700,4,32,0.4914,0.4837,0.2284,0.4361,20.01,15.57,37,0,0
30,30,S3,BASELINE,2,1002,45,0,745,4,32,0.492,0.5001,0.2941,0.4552,22.87,15.68,45,0,0
31,31,S3,BASELINE,2,1002,53,0,798,4,32,0.4999,0.5049,0.2693,0.4555,28.9,15.42,53,0,0
32,32,S3,BASELINE,2,1002,52,0,850,4,32,0.5066,0.4718,0.2036,0.4338,30.91,15.26,52,0,0
33,33,S3,BASELINE,2,1002,40,0,890,4,32,0.5073,0.4789,0.2409,0.4441,23.75,15.5,40,0,0
34,34,S3,BASELINE,2,1002,56,0,946,4,32,0.4997,0.5243,0.3136,0.4711,33.31,15.99,56,0,0
35,35,S3,BASELINE,2,1002,60,0,1006,4,32,0.4846,0.4955,0.2836,0.4482,33.92,15.45,60,0,0
36,36,S3,BASELINE,2,1002,55,0,1061,4,32,0.5181,0.5445,0.2821,0.4801,30.8,16.14,55,0,0
37,37,S3,BASELINE,2,1002,43,0,1104,4,32,0.5066,0.4882,0.1933,0.4375,23.56,15.28,43,0,0
38,38,S3,BASELINE,2,1002,49,0,1153,4,32,0.5137,0.4759,0.1777,0.4333,26.05,15.18,49,0,0
39,39,S3,BASELINE,2,1002,45,0,1198,4,32,0.588,0.5185,0.2305,0.4922,24.93,15.95,45,0,0
40,40,S3,BASELINE,2,1002,59,0,1257,4,32,0.5187,0.4796,0.1985,0.441,32.72,15.47,59,0,0
41,41,S3,BASELINE,2,1002,52,0,1309,4,32,0.5149,0.4987,0.2989,0.466,30.17,15.69,52,0,0
42,42,S3,BASELINE,2,1002,50,0,1359,4,32,0.5686,0.4945,0.183,0.4655,27.58,15.65,50,0,0
43,43,S3,BASELINE,2,1002,55,0,1414,4,32,0.5833,0.5277,0.3282,0.5128,34.17,16.03,55,0,0
44,44,S3,BASELINE,2,1002,43,0,1457,4,32,0.5174,0.4897,0.2082,0.4459,24.98,15.31,43,0,0
45,45,S3,BASELINE,2,1002,47,0,1504,4,32,0.5283,0.49,0.2614,0.4615,27.74,15.39,47,0,0
46,46,S3,BASELINE,2,1002,40,0,1544,4,32,0.5101,0.488,0.1702,0.4344,21.87,15.49,40,0,0
47,47,S3,BASELINE,2,1002,51,0,1595,4,32,0.5668,0.497,0.2239,0.4738,28.66,15.78,51,0,0
48,48,S3,BASELINE,2,1002,46,0,1641,4,32,0.4964,0.4811,0.3116,0.4541,24.54,15.31,46,0,0
49,49,S3,BASELINE,2,1002,51,0,1692,4,32,0.5122,0.4994,0.268,0.4589,27.71,15.5,51,0,0
50,50,S3,BASELINE,2,1002,40,0,1732,4,32,0.4969,0.48,0.2117,0.434,18.19,15.31,40,0,0
51,51,S3,BASELINE,2,1002,52,0,1784,4,32,0.4823,0.5085,0.2144,0.4379,31.93,15.74,52,0,0
52,52,S3,BASELINE,2,1002,44,0,1828,4,32,0.534,0.4603,0.2108,0.4436,23.71,15.29,44,0,0
53,53,S3,BASELINE,2,1002,50,0,1878,4,32,0.5472,0.5289,0.1967,0.4707,29.92,15.89,50,0,0
54,54,S3,BASELINE,2,1002,45,0,1923,4,32,0.5069,0.4867,0.2571,0.4499,26.99,15.4,45,0,0
55,55,S3,BASELINE,2,1002,44,0,1967,4,32,0.5087,0.4641,0.22,0.4354,24.5,14.97,44,0,0
56,56,S3,BASELINE,2,1002,48,0,2015,4,32,0.463,0.483,0.2758,0.4326,32.27,15.23,48,0,0
57,57,S3,BASELINE,2,1002,52,0,2067,4,32,0.5247,0.5113,0.2349,0.462,27.23,15.63,52,0,0
58,58,S3,BASELINE,2,1002,71,0,2138,4,32,0.8548,0.8603,0.2956,0.7449,41.14,20.65,71,0,0
59,59,S3,BASELINE,2,1002,81,0,2219,4,32,0.9264,0.8408,0.3251,0.7762,47.73,19.98,81,0,0
60,60,S3,BASELINE,2,1002,84,0,2303,4,32,0.8381,0.8751,0.2977,0.743,48.16,20.64,84,0,0
61,61,S3,BASELINE,2,1002,95,0,2398,4,32,0.9066,0.8552,0.2862,0.7645,53.3,20.43,95,0,0
62,62,S3,BASELINE,2,1002,80,0,2478,4,32,0.8574,0.8466,0.2892,0.74,48.67,20.57,80,0,0
63,63,S3,BASELINE,2,1002,81,0,2559,4,32,1,0.8568,0.3219,0.8143,42.7,20.73,81,0,0
64,64,S3,BASELINE,2,1002,95,0,2654,4,32,0.8701,0.8758,0.3464,0.7674,58.32,20.74,95,0,0
65,65,S3,BASELINE,2,1002,70,0,2724,4,32,0.848,0.8544,0.3245,0.7455,40.39,20.6,70,0,0
66,66,S3,BASELINE,2,1002,97,0,2821,4,32,0.8626,0.8098,0.3747,0.7466,58.21,19.98,97,0,0
67,67,S3,BASELINE,2,1002,80,0,2901,4,32,1,0.8431,0.4089,0.8269,46.7,20.19,80,0,0
68,68,S3,BASELINE,2,1002,82,0,2983,4,32,0.8805,0.8486,0.3364,0.7605,45.52,20.55,82,0,0
69,69,S3,BASELINE,2,1002,89,0,3072,4,32,0.9825,0.8717,0.4153,0.8303,48.21,20.9,89,0,0
70,70,S3,BASELINE,2,1002,63,0,3135,4,32,0.8601,0.8539,0.287,0.7433,37.4,20.26,63,0,0
71,71,S3,BASELINE,2,1002,87,0,3222,4,32,0.8409,0.8475,0.3135,0.7377,51.22,20.43,87,0,0
72,72,S3,BASELINE,2,1002,87,0,3309,4,32,0.8943,0.8677,0.3116,0.7685,49.38,20.71,87,0,0
73,73,S3,BASELINE,2,1002,97,0,3406,4,32,0.8793,0.8578,0.3293,0.7618,57.51,20.58,97,0,0
74,74,S3,BASELINE,2,1002,76,0,3482,4,32,0.8669,0.8599,0.332,0.7574,46.4,20.29,76,0,0
75,75,S3,BASELINE,2,1002,92,0,3574,4,32,0.9105,0.8447,0.3827,0.7819,55.64,20.36,92,0,0
76,76,S3,BASELINE,2,1002,100,0,3674,4,32,0.9437,0.829,0.4217,0.7992,54.52,20.23,100,0,0
77,77,S3,BASELINE,2,1002,78,0,3752,4,32,0.9103,0.8453,0.2843,0.7624,41.44,20.15,78,0,0
78,78,S3,BASELINE,2,1002,87,0,3839,4,32,0.8734,0.8163,0.2945,0.7376,49.68,19.89,87,0,0
79,79,S3,BASELINE,2,1002,82,0,3921,4,32,0.8761,0.8551,0.3052,0.7545,49.5,20.44,82,0,0
80,80,S3,BASELINE,2,1002,80,0,4001,4,32,0.8357,0.8371,0.3662,0.7423,43.29,20.22,80,0,0
0,0,S3,SAMCS,2,1002,16,0,16,6,32,0.1753,0.191,0.1674,0.1792,6.9,11.47,16,1.265,1.265
1,2.26,S3,SAMCS,2,1002,23,0,39,6,32,0.2165,0.242,0.2049,0.2231,9.18,12.12,23,0.015,1.28
2,3.28,S3,SAMCS,2,1002,21,0,60,6,32,0.1975,0.1672,0.1502,0.1774,8.7,11.04,21,0.015,1.295
3,4.29,S3,SAMCS,2,1002,16,0,76,6,32,0.1905,0.2397,0.1658,0.2028,7.7,12.02,16,0.015,1.31
4,5.31,S3,SAMCS,2,1002,25,0,101,8,32,0.1659,0.2057,0.258,0.1983,7.5,11.44,25,1.265,2.575
5,7.57,S3,SAMCS,2,1002,21,0,122,8,32,0.2182,0.1778,0.1437,0.1891,5,11.23,21,0.015,2.59
6,8.59,S3,SAMCS,2,1002,24,0,146,8,32,0.224,0.1901,0.0977,0.1869,7.38,11.33,24,0.015,2.605
7,9.6,S3,SAMCS,2,1002,28,0,174,8,32,0.1816,0.2026,0.1806,0.1888,5.98,11.59,28,0.015,2.62
8,10.62,S3,SAMCS,2,1002,16,0,190,10,32,0.1928,0.205,0.1916,0.1968,5,11.44,16,1.265,3.885
9,12.88,S3,SAMCS,2,1002,25,0,215,10,32,0.1851,0.1657,0.2057,0.1825,7.83,11.23,25,0.015,3.9
10,13.9,S3,SAMCS,2,1002,29,0,244,10,32,0.2158,0.21,0.0756,0.1857,6.93,11.63,29,0.015,3.915
11,14.91,S3,SAMCS,2,1002,28,0,272,10,32,0.2139,0.1743,0.1144,0.1801,6.09,11.02,28,0.015,3.93
12,15.93,S3,SAMCS,2,1002,23,0,295,12,32,0.2322,0.2043,0.1413,0.2043,8.19,11.61,23,1.265,5.195
13,18.2,S3,SAMCS,2,1002,27,0,322,12,32,0.4961,0.1781,0.2626,0.3381,5,11.29,27,0.015,5.21
14,19.21,S3,SAMCS,2,1002,14,0,336,12,32,0.2022,0.181,0.152,0.1848,5,11.24,14,0.015,5.225
15,20.23,S3,SAMCS,2,1002,24,0,360,12,32,0.2391,0.2278,0.193,0.2259,5,11.75,24,0.015,5.24
16,21.24,S3,SAMCS,2,1002,27,0,387,14,32,0.2597,0.2222,0.1612,0.2269,5,11.96,27,1.265,6.505
17,23.51,S3,SAMCS,2,1002,17,0,404,14,32,0.2569,0.2285,0.1882,0.2332,5,11.86,17,0.015,6.52
18,24.52,S3,SAMCS,2,1002,24,0,428,14,32,0.246,0.1841,0.1736,0.2098,6.85,11.2,24,0.015,6.535
19,25.54,S3,SAMCS,2,1002,21,0,449,14,32,0.2267,0.2296,0.1526,0.2129,5,11.8,21,0.015,6.55
20,26.55,S3,SAMCS,2,1002,21,0,470,16,32,0.2596,0.2154,0.1806,0.2283,5,11.83,21,1.265,7.815
21,28.82,S3,SAMCS,2,1002,23,0,493,16,32,0.1902,0.1969,0.199,0.1943,5,11.46,23,0.015,7.83
22,29.83,S3,SAMCS,2,1002,22,0,515,16,32,0.2576,0.2364,0.1358,0.2258,7.77,11.94,22,0.015,7.845
23,30.85,S3,SAMCS,2,1002,15,0,530,16,32,0.2048,0.2208,0.1783,0.2051,5,12.05,15,0.015,7.86
24,31.86,S3,SAMCS,2,1002,21,0,551,16,32,0.2072,0.2365,0.1674,0.2095,6.11,11.97,21,0.015,7.875
25,32.88,S3,SAMCS,2,1002,17,0,568,16,32,0.2029,0.2076,0.2346,0.2109,5,11.71,17,0.015,7.89
26,33.89,S3,SAMCS,2,1002,28,0,596,16,32,0.2674,0.2095,0.1769,0.2291,5.4,11.72,28,0.015,7.905
27,34.91,S3,SAMCS,2,1002,20,0,616,16,32,0.1717,0.1774,0.1737,0.1741,5,11.12,20,0.015,7.92
28,35.92,S3,SAMCS,2,1002,47,0,663,16,32,0.5033,0.5096,0.1254,0.4299,7.97,15.94,47,0.015,7.935
29,36.94,S3,SAMCS,2,1002,37,0,700,16,32,0.4914,0.4837,0.1759,0.4256,5,15.57,37,0.015,7.95
30,37.95,S3,SAMCS,2,1002,45,0,745,16,32,0.492,0.5001,0.2316,0.4427,5,15.68,45,0.015,7.965
31,38.97,S3,SAMCS,2,1002,53,0,798,16,32,0.4999,0.5049,0.1896,0.4396,6.14,15.42,53,0.015,7.98
32,39.98,S3,SAMCS,2,1002,52,0,850,16,32,0.5066,0.4718,0.1254,0.4182,8.58,15.26,52,0.015,7.995
33,41,S3,SAMCS,2,1002,40,0,890,16,32,0.5073,0.4789,0.1807,0.4321,6.57,15.5,40,0.015,8.01
34,42.01,S3,SAMCS,2,1002,56,0,946,16,32,0.4997,0.5243,0.2294,0.4543,9.25,15.99,56,0.015,8.025
35,43.03,S3,SAMCS,2,1002,60,0,1006,16,32,0.4846,0.4955,0.1934,0.4302,8.15,15.45,60,0.015,8.04
36,44.04,S3,SAMCS,2,1002,55,0,1061,16,32,0.5181,0.5445,0.1994,0.4636,7.18,16.14,55,0.015,8.055
37,45.06,S3,SAMCS,2,1002,43,0,1104,16,32,0.5066,0.4882,0.1286,0.4246,5.08,15.28,43,0.015,8.07
38,46.07,S3,SAMCS,2,1002,49,0,1153,16,32,0.5137,0.4759,0.1041,0.4186,5,15.18,49,0.015,8.085
39,47.09,S3,SAMCS,2,1002,45,0,1198,16,32,0.588,0.5185,0.1628,0.4786,5.6,15.95,45,0.015,8.1
40,48.1,S3,SAMCS,2,1002,59,0,1257,16,32,0.5187,0.4796,0.1098,0.4232,7.38,15.47,59,0.015,8.115
41,49.12,S3,SAMCS,2,1002,52,0,1309,16,32,0.5149,0.4987,0.2207,0.4504,7.83,15.69,52,0.015,8.13
42,50.13,S3,SAMCS,2,1002,50,0,1359,16,32,0.5686,0.4945,0.1078,0.4505,6.1,15.65,50,0.015,8.145
43,51.15,S3,SAMCS,2,1002,55,0,1414,16,32,0.5833,0.5277,0.2455,0.4963,10.54,16.03,55,0.015,8.16
44,52.16,S3,SAMCS,2,1002,43,0,1457,16,32,0.5174,0.4897,0.1436,0.4329,6.51,15.31,43,0.015,8.175
45,53.18,S3,SAMCS,2,1002,47,0,1504,16,32,0.5283,0.49,0.1907,0.4474,7.55,15.39,47,0.015,8.19
46,54.19,S3,SAMCS,2,1002,40,0,1544,16,32,0.5101,0.488,0.1111,0.4226,5,15.49,40,0.015,8.205
47,55.21,S3,SAMCS,2,1002,51,0,1595,16,32,0.5668,0.497,0.1472,0.4584,6.75,15.78,51,0.015,8.22
48,56.22,S3,SAMCS,2,1002,46,0,1641,16,32,0.4964,0.4811,0.2433,0.4404,5,15.31,46,0.015,8.235
49,57.24,S3,SAMCS,2,1002,51,0,1692,16,32,0.5122,0.4994,0.1913,0.4436,5.81,15.5,51,0.015,8.25
50,58.25,S3,SAMCS,2,1002,40,0,1732,16,32,0.4969,0.48,0.1656,0.4247,5,15.31,40,0.015,8.265
51,59.27,S3,SAMCS,2,1002,52,0,1784,16,32,0.4823,0.5085,0.1362,0.4222,9.59,15.74,52,0.015,8.28
52,60.28,S3,SAMCS,2,1002,44,0,1828,16,32,0.534,0.4603,0.1454,0.4305,5,15.29,44,0.015,8.295
53,61.3,S3,SAMCS,2,1002,50,0,1878,16,32,0.5472,0.5289,0.1215,0.4557,8.44,15.89,50,0.015,8.31
54,62.31,S3,SAMCS,2,1002,45,0,1923,16,32,0.5069,0.4867,0.1895,0.4364,7.66,15.4,45,0.015,8.325
55,63.33,S3,SAMCS,2,1002,44,0,1967,16,32,0.5087,0.4641,0.1538,0.4221,5.6,14.97,44,0.015,8.34
56,64.34,S3,SAMCS,2,1002,48,0,2015,16,32,0.463,0.483,0.2036,0.4181,11.65,15.23,48,0.015,8.355
57,65.36,S3,SAMCS,2,1002,52,0,2067,16,32,0.5247,0.5113,0.1571,0.4465,5,15.63,52,0.015,8.37
58,66.37,S3,SAMCS,2,1002,71,0,2138,16,24,0.8548,0.8603,0.1889,0.7236,10.64,20.65,71,0.315,8.685
59,67.69,S3,SAMCS,2,1002,81,0,2219,16,24,0.9264,0.8408,0.2043,0.752,13.22,19.98,81,0.015,8.7
60,68.7,S3,SAMCS,2,1002,84,0,2303,16,24,0.8381,0.8751,0.1724,0.7179,12.36,20.64,84,0.015,8.715
61,69.72,S3,SAMCS,2,1002,95,0,2398,16,24,0.9066,0.8552,0.1445,0.7362,12.82,20.43,95,0.015,8.73
62,70.73,S3,SAMCS,2,1002,80,0,2478,16,16,0.8574,0.8466,0.1699,0.7161,14.58,20.57,80,0.315,9.045
63,72.05,S3,SAMCS,2,1002,81,0,2559,16,16,1,0.8568,0.2025,0.7904,8.6,20.73,81,0.015,9.06
64,73.06,S3,SAMCS,2,1002,95,0,2654,16,16,0.8701,0.8758,0.2064,0.7394,18.33,20.74,95,0.015,9.075
65,74.08,S3,SAMCS,2,1002,70,0,2724,16,16,0.848,0.8544,0.2214,0.7249,10.92,20.6,70,0.015,9.09
66,75.09,S3,SAMCS,2,1002,97,0,2821,16,16,0.8626,0.8098,0.2317,0.718,17.37,19.98,97,0.015,9.105
67,76.11,S3,SAMCS,2,1002,80,0,2901,16,16,1,0.8431,0.291,0.8033,13.02,20.19,80,0.015,9.12
68,77.12,S3,SAMCS,2,1002,82,0,2983,16,16,0.8805,0.8486,0.2156,0.7364,11,20.55,82,0.015,9.135
69,78.14,S3,SAMCS,2,1002,89,0,3072,16,16,0.9825,0.8717,0.2842,0.804,10.74,20.9,89,0.015,9.15
70,79.15,S3,SAMCS,2,1002,63,0,3135,16,16,0.8601,0.8539,0.1942,0.7248,10.88,20.26,63,0.015,9.165
71,80.17,S3,SAMCS,2,1002,87,0,3222,16,16,0.8409,0.8475,0.1853,0.7121,14.59,20.43,87,0.015,9.18
72,81.18,S3,SAMCS,2,1002,87,0,3309,16,16,0.8943,0.8677,0.1834,0.7428,12.76,20.71,87,0.015,9.195
73,82.2,S3,SAMCS,2,1002,97,0,3406,16,16,0.8793,0.8578,0.1864,0.7332,16.67,20.58,97,0.015,9.21
74,83.21,S3,SAMCS,2,1002,76,0,3482,16,16,0.8669,0.8599,0.22,0.7351,14.41,20.29,76,0.015,9.225
75,84.23,S3,SAMCS,2,1002,92,0,3574,16,16,0.9105,0.8447,0.2471,0.7548,16.91,20.36,92,0.015,9.24
76,85.24,S3,SAMCS,2,1002,100,0,3674,16,16,0.9437,0.829,0.2743,0.7697,12.42,20.23,100,0.015,9.255
77,86.26,S3,SAMCS,2,1002,78,0,3752,16,16,0.9103,0.8453,0.1693,0.7394,8.61,20.15,78,0.015,9.27
78,87.27,S3,SAMCS,2,1002,87,0,3839,16,16,0.8734,0.8163,0.1664,0.712,13.05,19.89,87,0.015,9.285
79,88.29,S3,SAMCS,2,1002,82,0,3921,16,16,0.8761,0.8551,0.1844,0.7304,14.97,20.44,82,0.015,9.3
80,89.3,S3,SAMCS,2,1002,80,0,4001,16,16,0.8357,0.8371,0.2483,0.7187,9.61,20.22,80,0.015,9.315
0,0,S3,BASELINE,3,1003,28,0,28,4,32,0.217,0.1998,0.2959,0.2268,14.68,11.21,28,0,0
1,1,S3,BASELINE,3,1003,24,0,52,4,32,0.1591,0.2517,0.1431,0.1883,16.75,12.07,24,0,0
2,2,S3,BASELINE,3,1003,28,0,80,4,32,0.239,0.224,0.2115,0.2282,14.07,12.05,28,0,0
3,3,S3,BASELINE,3,1003,18,0,98,4,32,0.1963,0.2101,0.1855,0.199,10.85,11.63,18,0,0
4,4,S3,BASELINE,3,1003,18,0,116,4,32,0.1892,0.1946,0.2386,0.201,12.88,11.48,18,0,0
5,5,S3,BASELINE,3,1003,23,0,139,4,32,0.2063,0.1864,0.1734,0.1928,9.7,11.32,23,0,0
6,6,S3,BASELINE,3,1003,21,0,160,4,32,0.2358,0.1979,0.2207,0.2195,9.27,11.55,21,0,0
7,7,S3,BASELINE,3,1003,21,0,181,4,32,0.2143,0.2005,0.1577,0.1982,11.66,11.57,21,0,0
8,8,S3,BASELINE,3,1003,26,0,207,4,32,0.219,0.2373,0.1691,0.2154,15.57,11.95,26,0,0
9,9,S3,BASELINE,3,1003,21,0,228,4,32,0.2161,0.2263,0.2483,0.2261,11.16,11.82,21,0,0
10,10,S3,BASELINE,3,1003,20,0,248,4,32,0.2542,0.2189,0.2134,0.2337,12.71,11.54,20,0,0
11,11,S3,BASELINE,3,1003,17,0,265,4,32,0.2197,0.2385,0.1663,0.2156,10.25,11.79,17,0,0
12,12,S3,BASELINE,3,1003,18,0,283,4,32,0.273,0.211,0.2373,0.2441,10.64,11.37,18,0,0
13,13,S3,BASELINE,3,1003,18,0,301,4,32,0.2179,0.2077,0.171,0.2049,13.21,11.57,18,0,0
14,14,S3,BASELINE,3,1003,21,0,322,4,32,0.218,0.1868,0.1882,0.2011,11.61,11.07,21,0,0
15,15,S3,BASELINE,3,1003,18,0,340,4,32,0.1961,0.202,0.1833,0.1956,8.92,11.73,18,0,0
16,16,S3,BASELINE,3,1003,18,0,358,4,32,0.2357,0.1825,0.1847,0.2069,13.37,11.22,18,0,0
17,17,S3,BASELINE,3,1003,19,0,377,4,32,0.2029,0.2039,0.174,0.1975,11.06,11.42,19,0,0
18,18,S3,BASELINE,3,1003,31,0,408,4,32,0.2546,0.1828,0.1697,0.2125,18.92,11.35,31,0,0
19,19,S3,BASELINE,3,1003,14,0,422,4,32,0.2402,0.2168,0.1312,0.2102,7.63,11.93,14,0,0
20,20,S3,BASELINE,3,1003,21,0,443,4,32,0.182,0.2071,0.1387,0.1821,12.41,11.68,21,0,0
21,21,S3,BASELINE,3,1003,16,0,459,4,32,0.232,0.2104,0.2327,0.2246,10.48,11.7,16,0,0
22,22,S3,BASELINE,3,1003,19,0,478,4,32,0.2474,0.2092,0.2703,0.2386,13.88,11.69,19,0,0
23,23,S3,BASELINE,3,1003,24,0,502,4,32,0.2498,0.2301,0.2302,0.239,15.49,11.92,24,0,0
24,24,S3,BASELINE,3,1003,17,0,519,4,32,0.2422,0.1797,0.1912,0.2101,9.24,11.46,17,0,0
25,25,S3,BASELINE,3,1003,20,0,539,4,32,0.2532,0.1743,0.1653,0.208,9.64,11.19,20,0,0
26,26,S3,BASELINE,3,1003,26,0,565,4,32,0.1972,0.1802,0.1887,0.1896,15.17,11.32,26,0,0
27,27,S3,BASELINE,3,1003,17,0,582,4,32,0.2115,0.1896,0.1609,0.1937,7.18,11.3,17,0,0
28,28,S3,BASELINE,3,1003,53,0,635,4,32,0.5082,0.4941,0.2388,0.4494,31.29,15.48,53,0,0
29,29,S3,BASELINE,3,1003,58,0,693,4,32,0.488,0.4976,0.2004,0.4338,32.4,15.61,58,0,0
30,30,S3,BASELINE,3,1003,36,0,729,4,32,0.4531,0.4587,0.308,0.426,18.64,15.07,36,0,0
31,31,S3,BASELINE,3,1003,46,0,775,4,32,0.5498,0.5007,0.2052,0.4637,22.65,15.68,46,0,0
32,32,S3,BASELINE,3,1003,43,0,818,4,32,0.5306,0.4716,0.2726,0.4583,23.51,15.4,43,0,0
33,33,S3,BASELINE,3,1003,49,0,867,4,32,0.5148,0.4865,0.2203,0.446,31.72,15.39,49,0,0
34,34,S3,BASELINE,3,1003,58,0,925,4,32,0.4776,0.4912,0.2811,0.4431,32.39,15.56,58,0,0
35,35,S3,BASELINE,3,1003,58,0,983,4,32,0.5117,0.4954,0.2383,0.4513,33.36,15.67,58,0,0
36,36,S3,BASELINE,3,1003,37,0,1020,4,32,0.5054,0.4768,0.1473,0.4238,17.67,15.38,37,0,0
37,37,S3,BASELINE,3,1003,57,0,1077,4,32,0.4866,0.5289,0.2702,0.4581,32.67,16.05,57,0,0
38,38,S3,BASELINE,3,1003,54,0,1131,4,32,0.5,0.4997,0.1792,0.4357,30.84,15.59,54,0,0
39,39,S3,BASELINE,3,1003,51,0,1182,4,32,0.5181,0.5277,0.2137,0.4606,30.85,16.2,51,0,0
40,40,S3,BASELINE,3,1003,69,0,1251,4,32,0.5457,0.492,0.3018,0.4781,41.18,15.32,69,0,0
41,41,S3,BASELINE,3,1003,44,0,1295,4,32,0.5133,0.4854,0.2361,0.4481,27.54,15.47,44,0,0
42,42,S3,BASELINE,3,1003,49,0,1344,4,32,0.5432,0.51,0.3102,0.485,29,15.75,49,0,0
43,43,S3,BASELINE,3,1003,49,0,1393,4,32,0.4526,0.5157,0.2585,0.4359,29.09,15.85,49,0,0
44,44,S3,BASELINE,3,1003,40,0,1433,4,32,0.51,0.4927,0.1985,0.4416,22.79,15.68,40,0,0
45,45,S3,BASELINE,3,1003,43,0,1476,4,32,0.5592,0.527,0.1963,0.4754,22.22,16.01,43,0,0
46,46,S3,BASELINE,3,1003,48,0,1524,4,32,0.5198,0.4664,0.2935,0.4559,26.53,15.09,48,0,0
47,47,S3,BASELINE,3,1003,46,0,1570,4,32,0.5225,0.5052,0.2786,0.4677,25.15,15.7,46,0,0
48,48,S3,BASELINE,3,1003,57,0,1627,4,32,0.5685,0.4978,0.2156,0.4732,32.25,15.65,57,0,0
49,49,S3,BASELINE,3,1003,50,0,1677,4,32,0.4976,0.4967,0.325,0.4628,29.11,15.64,50,0,0
50,50,S3,BASELINE,3,1003,49,0,1726,4,32,0.5175,0.5075,0.2338,0.4573,26.65,15.93,49,0,0
51,51,S3,BASELINE,3,1003,51,0,1777,4,32,0.5467,0.5395,0.2788,0.4906,27.67,16.22,51,0,0
52,52,S3,BASELINE,3,1003,52,0,1829,4,32,0.5511,0.5074,0.2505,0.4757,30.41,15.75,52,0,0
53,53,S3,BASELINE,3,1003,49,0,1878,4,32,0.5235,0.4634,0.2952,0.4568,31.77,15.06,49,0,0
54,54,S3,BASELINE,3,1003,53,0,1931,4,32,0.5534,0.473,0.1866,0.4519,28.27,15.22,53,0,0
55,55,S3,BASELINE,3,1003,52,0,1983,4,32,0.5171,0.5139,0.2504,0.4626,32.05,15.99,52,0,0
56,56,S3,BASELINE,3,1003,34,0,2017,4,32,0.7744,0.5091,0.2157,0.5698,18.11,15.66,34,0,0
57,57,S3,BASELINE,3,1003,46,0,2063,4,32,0.4733,0.4709,0.2476,0.4273,25.31,15.32,46,0,0
58,58,S3,BASELINE,3,1003,89,0,2152,4,32,0.8712,0.8332,0.2413,0.7319,47.54,20.21,89,0,0
59,59,S3,BASELINE,3,1003,89,0,2241,4,32,0.8858,0.8627,0.2965,0.7599,50.7,20.81,89,0,0
60,60,S3,BASELINE,3,1003,99,0,2340,4,32,0.9203,0.8481,0.3934,0.7897,53.93,20.22,99,0,0
61,61,S3,BASELINE,3,1003,86,0,2426,4,32,0.9185,0.8719,0.3782,0.7941,50.88,20.82,86,0,0
62,62,S3,BASELINE,3,1003,97,0,2523,4,32,1,0.8724,0.3514,0.8256,57.67,20.79,97,0,0
63,63,S3,BASELINE,3,1003,79,0,2602,4,32,0.9072,0.8546,0.286,0.7645,41.4,20.53,79,0,0
64,64,S3,BASELINE,3,1003,91,0,2693,4,32,0.8602,0.8618,0.3313,0.755,48.13,20.63,91,0,0
65,65,S3,BASELINE,3,1003,89,0,2782,4,32,0.8938,0.8593,0.2879,0.7606,49.42,20.71,89,0,0
66,66,S3,BASELINE,3,1003,98,0,2880,4,32,0.8511,0.839,0.312,0.739,57.2,20.24,98,0,0
67,67,S3,BASELINE,3,1003,85,0,2965,4,32,0.8981,0.8217,0.2923,0.7502,51.67,20.3,85,0,0
68,68,S3,BASELINE,3,1003,95,0,3060,4,32,1,0.8026,0.2906,0.789,56.43,19.7,95,0,0
69,69,S3,BASELINE,3,1003,83,0,3143,4,32,0.846,0.8031,0.3747,0.7367,48.09,20.01,83,0,0
70,70,S3,BASELINE,3,1003,92,0,3235,4,32,1,0.8571,0.2685,0.8037,51.26,20.71,92,0,0
71,71,S3,BASELINE,3,1003,73,0,3308,4,32,0.8242,0.8634,0.4185,0.7568,41.32,20.65,73,0,0
72,72,S3,BASELINE,3,1003,96,0,3404,4,32,0.8178,0.8731,0.2717,0.7279,55.9,20.85,96,0,0
73,73,S3,BASELINE,3,1003,100,0,3504,4,32,0.8368,0.8332,0.2897,0.7261,57.24,20.01,100,0,0
74,74,S3,BASELINE,3,1003,69,0,3573,4,32,0.9131,0.9067,0.2742,0.7831,38.03,21.25,69,0,0
75,75,S3,BASELINE,3,1003,85,0,3658,4,32,0.9266,0.8624,0.2618,0.7711,49.66,20.43,85,0,0
76,76,S3,BASELINE,3,1003,85,0,3743,4,32,0.9355,0.8318,0.2823,0.7686,47.87,20.33,85,0,0
77,77,S3,BASELINE,3,1003,91,0,3834,4,32,0.8544,0.8315,0.3413,0.7438,51.78,19.96,91,0,0
78,78,S3,BASELINE,3,1003,87,0,3921,4,32,0.8835,0.8589,0.3646,0.7711,49.57,20.55,87,0,0
79,79,S3,BASELINE,3,1003,88,0,4009,4,32,0.9061,0.861,0.3182,0.7727,49.81,20.69,88,0,0
0,0,S3,SAMCS,3,1003,28,0,28,6,32,0.217,0.1998,0.2959,0.2268,14.68,11.21,28,1.265,1.265
1,2.26,S3,SAMCS,3,1003,24,0,52,6,32,0.1591,0.2517,0.127,0.1851,12.17,12.07,24,0.015,1.28
2,3.28,S3,SAMCS,3,1003,28,0,80,6,32,0.239,0.224,0.1928,0.2245,8.73,12.05,28,0.015,1.295
3,4.29,S3,SAMCS,3,1003,18,0,98,6,32,0.1963,0.2101,0.1735,0.1966,7.42,11.63,18,0.015,1.31
4,5.31,S3,SAMCS,3,1003,18,0,116,8,32,0.1892,0.1946,0.2266,0.1986,9.45,11.48,18,1.265,2.575
5,7.57,S3,SAMCS,3,1003,23,0,139,8,32,0.2063,0.1864,0.1569,0.1895,5,11.32,23,0.015,2.59
6,8.59,S3,SAMCS,3,1003,21,0,160,8,32,0.2358,0.1979,0.2057,0.2165,5,11.55,21,0.015,2.605
7,9.6,S3,SAMCS,3,1003,21,0,181,8,32,0.2143,0.2005,0.1366,0.1939,5.65,11.57,21,0.015,2.62
8,10.62,S3,SAMCS,3,1003,26,0,207,10,32,0.219,0.2373,0.143,0.2102,8.13,11.95,26,1.265,3.885
9,12.88,S3,SAMCS,3,1003,21,0,228,10,32,0.2161,0.2263,0.2268,0.2218,5,11.82,21,0.015,3.9
10,13.9,S3,SAMCS,3,1003,20,0,248,10,32,0.2542,0.2189,0.1894,0.2289,5.83,11.54,20,0.015,3.915
11,14.91,S3,SAMCS,3,1003,17,0,265,10,32,0.2197,0.2385,0.1479,0.2119,5,11.79,17,0.015,3.93
12,15.93,S3,SAMCS,3,1003,18,0,283,12,32,0.273,0.211,0.2176,0.2402,5,11.37,18,1.265,5.195
13,18.2,S3,SAMCS,3,1003,18,0,301,12,32,0.2179,0.2077,0.1469,0.2001,6.34,11.57,18,0.015,5.21
14,19.21,S3,SAMCS,3,1003,21,0,322,12,32,0.218,0.1868,0.165,0.1965,5,11.07,21,0.015,5.225
15,20.23,S3,SAMCS,3,1003,18,0,340,12,32,0.1961,0.202,0.1696,0.1929,5,11.73,18,0.015,5.24
16,21.24,S3,SAMCS,3,1003,18,0,358,14,32,0.2357,0.1825,0.1606,0.2021,6.49,11.22,18,1.265,6.505
17,23.51,S3,SAMCS,3,1003,19,0,377,14,32,0.2029,0.2039,0.1528,0.1932,5,11.42,19,0.015,6.52
18,24.52,S3,SAMCS,3,1003,31,0,408,14,32,0.2546,0.1828,0.1253,0.2036,6.24,11.35,31,0.015,6.535
19,25.54,S3,SAMCS,3,1003,14,0,422,14,32,0.2402,0.2168,0.122,0.2083,5,11.93,14,0.015,6.55
20,26.55,S3,SAMCS,3,1003,21,0,443,16,32,0.182,0.2071,0.1128,0.177,5,11.68,21,1.265,7.815
21,28.82,S3,SAMCS,3,1003,16,0,459,16,32,0.232,0.2104,0.2135,0.2208,5,11.7,16,0.015,7.83
22,29.83,S3,SAMCS,3,1003,19,0,478,16,32,0.2474,0.2092,0.2417,0.2329,5.71,11.69,19,0.015,7.845
23,30.85,S3,SAMCS,3,1003,24,0,502,16,32,0.2498,0.2301,0.1942,0.2318,5.18,11.92,24,0.015,7.86
24,31.86,S3,SAMCS,3,1003,17,0,519,16,32,0.2422,0.1797,0.1764,0.2072,5,11.46,17,0.015,7.875
25,32.88,S3,SAMCS,3,1003,20,0,539,16,32,0.2532,0.1743,0.149,0.2048,5,11.19,20,0.015,7.89
26,33.89,S3,SAMCS,3,1003,26,0,565,16,32,0.1972,0.1802,0.1531,0.1824,5,11.32,26,0.015,7.905
27,34.91,S3,SAMCS,3,1003,17,0,582,16,32,0.2115,0.1896,0.1533,0.1922,5,11.3,17,0.015,7.92
28,35.92,S3,SAMCS,3,1003,53,0,635,16,32,0.5082,0.4941,0.1591,0.4335,8.52,15.48,53,0.015,7.935
29,36.94,S3,SAMCS,3,1003,58,0,693,16,32,0.488,0.4976,0.1132,0.4164,7.48,15.61,58,0.015,7.95
30,37.95,S3,SAMCS,3,1003,36,0,729,16,32,0.4531,0.4587,0.2602,0.4165,5,15.07,36,0.015,7.965
31,38.97,S3,SAMCS,3,1003,46,0,775,16,32,0.5498,0.5007,0.1434,0.4513,5,15.68,46,0.015,7.98
32,39.98,S3,SAMCS,3,1003,43,0,818,16,32,0.5306,0.4716,0.2079,0.4454,5.04,15.4,43,0.015,7.995
33,41,S3,SAMCS,3,1003,49,0,867,16,32,0.5148,0.4865,0.1466,0.4313,10.67,15.39,49,0.015,8.01
34,42.01,S3,SAMCS,3,1003,58,0,925,16,32,0.4776,0.4912,0.1939,0.4256,7.47,15.56,58,0.015,8.025
35,43.03,S3,SAMCS,3,1003,58,0,983,16,32,0.5117,0.4954,0.1511,0.4339,8.44,15.67,58,0.015,8.04
36,44.04,S3,SAMCS,3,1003,37,0,1020,16,32,0.5054,0.4768,0.103,0.4149,5,15.38,37,0.015,8.055
37,45.06,S3,SAMCS,3,1003,57,0,1077,16,32,0.4866,0.5289,0.1845,0.441,8.19,16.05,57,0.015,8.07
38,46.07,S3,SAMCS,3,1003,54,0,1131,16,32,0.5,0.4997,0.098,0.4195,7.64,15.59,54,0.015,8.085
39,47.09,S3,SAMCS,3,1003,51,0,1182,16,32,0.5181,0.5277,0.137,0.4452,8.94,16.2,51,0.015,8.1
40,48.1,S3,SAMCS,3,1003,69,0,1251,16,32,0.5457,0.492,0.198,0.4574,11.54,15.32,69,0.015,8.115
41,49.12,S3,SAMCS,3,1003,44,0,1295,16,32,0.5133,0.4854,0.17,0.4349,8.63,15.47,44,0.015,8.13
42,50.13,S3,SAMCS,3,1003,49,0,1344,16,32,0.5432,0.51,0.2366,0.4703,7.96,15.75,49,0.015,8.145
43,51.15,S3,SAMCS,3,1003,49,0,1393,16,32,0.4526,0.5157,0.1848,0.4211,8.05,15.85,49,0.015,8.16
44,52.16,S3,SAMCS,3,1003,40,0,1433,16,32,0.51,0.4927,0.1384,0.4296,5.61,15.68,40,0.015,8.175
45,53.18,S3,SAMCS,3,1003,43,0,1476,16,32,0.5592,0.527,0.136,0.4633,5,16.01,43,0.015,8.19
46,54.19,S3,SAMCS,3,1003,48,0,1524,16,32,0.5198,0.4664,0.2214,0.4414,5.91,15.09,48,0.015,8.205
47,55.21,S3,SAMCS,3,1003,46,0,1570,16,32,0.5225,0.5052,0.2095,0.4538,5.39,15.7,46,0.015,8.22
48,56.22,S3,SAMCS,3,1003,57,0,1627,16,32,0.5685,0.4978,0.1298,0.456,7.77,15.65,57,0.015,8.235
49,57.24,S3,SAMCS,3,1003,50,0,1677,16,32,0.4976,0.4967,0.2499,0.4477,7.63,15.64,50,0.015,8.25
50,58.25,S3,SAMCS,3,1003,49,0,1726,16,32,0.5175,0.5075,0.1601,0.4425,5.6,15.93,49,0.015,8.265
51,59.27,S3,SAMCS,3,1003,51,0,1777,16,32,0.5467,0.5395,0.2022,0.4752,5.76,16.22,51,0.015,8.28
52,60.28,S3,SAMCS,3,1003,52,0,1829,16,32,0.5511,0.5074,0.1723,0.46,8.07,15.75,52,0.015,8.295
53,61.3,S3,SAMCS,3,1003,49,0,1878,16,32,0.5235,0.4634,0.2215,0.4421,10.72,15.06,49,0.015,8.31
54,62.31,S3,SAMCS,3,1003,53,0,1931,16,32,0.5534,0.473,0.1069,0.436,5.51,15.22,53,0.015,8.325
55,63.33,S3,SAMCS,3,1003,52,0,1983,16,32,0.5171,0.5139,0.1722,0.447,9.71,15.99,52,0.015,8.34
56,64.34,S3,SAMCS,3,1003,34,0,2017,16,32,0.7744,0.5091,0.1698,0.5606,5,15.66,34,0.015,8.355
57,65.36,S3,SAMCS,3,1003,46,0,2063,16,32,0.4733,0.4709,0.1785,0.4135,5.55,15.32,46,0.015,8.37
58,66.37,S3,SAMCS,3,1003,89,0,2152,16,24,0.8712,0.8332,0.1075,0.7052,9.31,20.21,89,0.315,8.685
59,67.69,S3,SAMCS,3,1003,89,0,2241,16,24,0.8858,0.8627,0.1638,0.7333,12.77,20.81,89,0.015,8.7
60,68.7,S3,SAMCS,3,1003,99,0,2340,16,24,0.9203,0.8481,0.2457,0.7601,11.74,20.22,99,0.015,8.715
61,69.72,S3,SAMCS,3,1003,86,0,2426,16,24,0.9185,0.8719,0.2499,0.7685,14.23,20.82,86,0.015,8.73
62,70.73,S3,SAMCS,3,1003,97,0,2523,16,16,1,0.8724,0.2068,0.7967,16.33,20.79,97,0.315,9.045
63,72.05,S3,SAMCS,3,1003,79,0,2602,16,16,0.9072,0.8546,0.1696,0.7413,8.14,20.53,79,0.015,9.06
64,73.06,S3,SAMCS,3,1003,91,0,2693,16,16,0.8602,0.8618,0.1972,0.7282,9.82,20.63,91,0.015,9.075
65,74.08,S3,SAMCS,3,1003,89,0,2782,16,16,0.8938,0.8593,0.1568,0.7343,11.95,20.71,89,0.015,9.09
66,75.09,S3,SAMCS,3,1003,98,0,2880,16,16,0.8511,0.839,0.1676,0.7102,15.94,20.24,98,0.015,9.105
67,76.11,S3,SAMCS,3,1003,85,0,2965,16,16,0.8981,0.8217,0.1671,0.7252,15.89,20.3,85,0.015,9.12
68,77.12,S3,SAMCS,3,1003,95,0,3060,16,16,1,0.8026,0.1507,0.761,16.43,19.7,95,0.015,9.135
69,78.14,S3,SAMCS,3,1003,83,0,3143,16,16,0.846,0.8031,0.2524,0.7123,13.15,20.01,83,0.015,9.15
70,79.15,S3,SAMCS,3,1003,92,0,3235,16,16,1,0.8571,0.133,0.7766,12.53,20.71,92,0.015,9.165
71,80.17,S3,SAMCS,3,1003,73,0,3308,16,16,0.8242,0.8634,0.3109,0.7352,10.58,20.65,73,0.015,9.18
72,81.18,S3,SAMCS,3,1003,96,0,3404,16,16,0.8178,0.8731,0.1303,0.6996,15.48,20.85,96,0.015,9.195
73,82.2,S3,SAMCS,3,1003,100,0,3504,16,16,0.8368,0.8332,0.1424,0.6967,15.14,20.01,100,0.015,9.21
74,83.21,S3,SAMCS,3,1003,69,0,3573,16,16,0.9131,0.9067,0.1726,0.7628,8.98,21.25,69,0.015,9.225
75,84.23,S3,SAMCS,3,1003,85,0,3658,16,16,0.9266,0.8624,0.1365,0.7461,13.88,20.43,85,0.015,9.24
76,85.24,S3,SAMCS,3,1003,85,0,3743,16,16,0.9355,0.8318,0.1571,0.7435,12.09,20.33,85,0.015,9.255
77,86.26,S3,SAMCS,3,1003,91,0,3834,16,16,0.8544,0.8315,0.2072,0.717,13.47,19.96,91,0.015,9.27
78,87.27,S3,SAMCS,3,1003,87,0,3921,16,16,0.8835,0.8589,0.2364,0.7455,12.95,20.55,87,0.015,9.285
79,88.29,S3,SAMCS,3,1003,88,0,4009,16,16,0.9061,0.861,0.1885,0.7468,12.76,20.69,88,0.015,9.3